2m Temperature (hr. avg) (F),2m Relative Humidity (percent),2m Station Pressure (mb)
61.3,94,997
62.3,93,997
64,94,996
64.2,94,995
64.4,94,995
64.4,96,995
64.6,94,995
65.2,92,994
65.4,92,994
66,88,994
67.5,85,993
67.2,87,992
64.8,93,992
60.8,95,991
59.9,93,991
58.2,90,991
56,89,991
55.3,86,991
53.9,87,992
53,89,993
52,89,995
52.1,78,995
50.5,69,997
49.2,59,997
47.4,63,999
45.5,60,999
43.7,66,1000
42.4,67,1001
41,71,1003
39.6,72,1003
39.2,73,1004
38.8,73,1005
40.2,68,1006
43.7,62,1007
46.4,52,1008
48.5,47,1008
50.5,46,1008
52.1,45,1008
53.4,43,1008
53.5,42,1008
53,47,1008
48.9,57,1009
45.3,65,1009
41.9,79,1010
39.6,82,1010
38.3,88,1010
36.8,87,1011
38.1,90,1010
34.8,97,1010
33.6,97,1011
33.7,98,1010
32.8,98,1010
32.5,98,1011
31.6,99,1011
31.1,100,1011
31.3,98,1011
35,87,1012
44.2,56,1012
51.5,51,1012
53.9,44,1011
56.3,49,1010
58.4,46,1009
59,53,1009
59,59,1008
58.2,57,1008
54.6,66,1009
51.6,78,1008
49.4,84,1008
46.9,85,1008
46.9,85,1007
46.3,89,1007
46,91,1007
46.2,88,1006
46.9,89,1006.5
47.6,90,1007
49.2,87,1006
49.6,90,1005
51.9,89,1005
50.7,93,1005
48.5,90,1005
50.6,87,1005
55.4,81,1006
59.4,78,1006
62.1,71,1004
64.3,68,1003
66.3,68,1002
66.9,68,1002
66.8,70,1002
66.3,70,1002
64.5,77,1002
63,80,1002
61.4,84,1002
60.3,86,1001
59.9,88,1001
58.9,89,1000
59.4,88,1000
59.7,87,999
59.9,88,998
60,93,998
59.9,95,998
59.6,97,998
59.2,98,997
60,98,998
61.3,98,998
62,98,998
62.9,97,998
64.3,96,998
65.1,93,997
65.8,91,996
67,85,995
68.8,82,994
69.3,84,994
69.2,84,994
68.3,88,994
68.3,87,994
67.8,91,994
67.5,91,993
67.9,90,992
68.2,93,992
66.2,96,991
63.1,97,990
62.6,97,990
61.2,97,991
60.7,94,991
60.3,92,991
60,91,992
59.5,92,993
59.2,91,994
59.2,88,994
61.1,81,995
63,74,996
64.4,71,995
66.4,63,995
66.9,60,994
67.1,61,995
67.5,61,995
66.8,63,996
64.1,69,997
62.1,70,998
61.3,69,999
60.5,71,1000
59.3,72,1000
56.8,82,1000
53.6,89,1000
51.7,96,1001
50.8,93,1001
50.7,95,1002
49.3,97,1003
48.3,98,1003
49.5,90,1003
50.9,87,1004
50.1,92,1005
51.6,84,1006
54.1,77,1005
55,75,1004
56.5,74,1003
57.8,71,1001
58.1,76,1000
56.6,91,999
55.8,91,998
56.3,94,998
56,96,997
58.1,97,996
59.5,98,995
60.9,98,994
63.3,98,994
65,93,993
65.8,92,992
66.3,91,991
66.6,86,990
66.8,85,989
67.2,87,988
63.2,89,988
61,92,988
59.6,95,989
58.7,91,988
58.7,90,989
59.1,89,990
58.9,71,990
56.6,61,990
56,50,990
55.7,46,990
56,38,990
55.7,33,992
54.5,32,993
52,40,994
49.6,40,995
47.3,42,996
45.7,36,996
43.7,39,997
42.3,42,998
39.8,49,997
38.2,52,997
36.8,54,997
35.3,66,997
32.8,77,997
32.6,63,997
33.9,68,997
33.8,64,996
33.9,58,997
37,49,997
42.1,35,996
45.3,33,995
48.9,28,993
51,36,991
52.2,34,990
52.2,37,990
49.3,44,991
46.9,52,993
44.4,54,995
43.8,50,996
42.8,47,997
41.9,45,997
40.2,50,999
39.3,54,999
38.4,57,1000
37.1,62,1000
36.5,51,1001
35.9,58,1002
34.8,60,1003
33.9,66,1003
32.2,63,1004
32,65,1006
30,76,1006
32.1,55,1007
35.4,43,1008
37.2,40,1008
38.7,37,1008
39.8,34,1007
41.2,37,1007
41.8,33,1007
42.3,33,1008
41.2,37,1009
38.6,39,1009
35.8,42,1010
34.2,63,1011
32.2,71,1012
30,76,1012
29,74,1012
28,83,1013
27.9,70,1013
29.3,61,1012
28.6,83,1013
26.9,84,1013
25.8,85,1014
26.2,77,1015
26.5,74,1016
27,75,1016
31.7,63,1018
37.2,46,1018
41.1,35,1018
43.4,31,1017
45.1,34,1016
46.4,30,1015
47.4,25,1015
47.8,26,1015
47.2,32,1014
43.9,42,1014
41.5,47,1014
41.2,50,1014
40.7,54,1014
39.5,61,1014
40.4,59,1015
41.3,63,1014
41.9,71,1013
42.4,79,1013
42.1,83,1013
40.7,88,1012
39.2,94,1012
40.2,91,1012
39.5,95,1013
39.2,94,1013
42.3,87,1014
45.5,83,1015
49.2,77,1015
53,71,1014
58.4,63,1012
61.3,63,1011
61.9,55,1011
63.4,56,1011
63.2,60,1011
60.6,67,1011
60.2,63,1011
59.7,66,1011
57,73,1011
54.7,80,1011
53.5,80,1011
52,85,1010
53.4,83,1009
54.4,86,1009
53.9,89,1010
53.3,87,1009
53.8,87,1008
53.9,89,1008
52.9,90,1009
53.8,87,1008
55,85,1009
57.3,77,1009
60.6,71,1009
63.4,66,1009
63.9,67,1007
65.6,61,1007
66.7,60,1006
68,56,1006
66.9,61,1006
65.1,63,1007
62.2,68,1007
61.5,70,1007
61.7,69,1006
61.4,70,1006
60.4,72,1006
59.5,73,1006
59,74,1006
58.2,76,1006
57.1,80,1005
56.4,82,1005
55.9,83,1005
55.3,84,1006
56,85,1006
55.9,87,1006
57.8,82,1006
61.3,76,1007
63.2,73,1007
66.2,61,1006
68.8,54,1005
70.5,50,1004
70.9,47,1003
70.6,51,1003
69.5,55,1004
66.4,64,1004
63.8,66,1004
63.1,65,1004
62.5,66,1004
62.3,64,1004
62,68,1004
60.4,74,1003
59.8,76,1003
59.6,80,1002
60.7,84,1001
60.5,87,1001
60.9,87,1001
60.7,89,1001
60.6,88,1001
61.2,85,1001
62.5,79,1001
63.8,78,1001
65.4,72,1001
67.4,72,1000
69.6,63,998
69.9,62,998
70.2,62,997
70,62,997
68.6,65,997
67.6,66,997
66.1,69,997
65.3,68,997
64.8,71,996
64.2,72,996
63.8,74,996
63.6,75,996
63.2,76,995
63,77,994
62.5,78,994
62.4,80,994
62.4,79,994
62.9,80,993
62.6,83,995
62.3,85,996
62.2,86,996
60.7,78,997
56.6,72,997
56.5,66,997
56.4,58,997
56.2,55,998
52.8,53,999
49.9,47,1000
48.1,43,1001
46.5,51,1003
44.8,50,1005
43.2,48,1005
42.2,48,1006
41.8,47,1007
41.1,48,1008
40,50,1010
38.5,42,1009
36.6,48,1010
35.2,51,1011
34.2,53,1013
33.4,53,1013
32.1,53,1014
31.1,57,1015
29.8,59,1016
30.9,51,1017
32.4,50,1018
33.6,47,1018
34.5,45,1018
34.9,43,1017
35.8,35,1017
36.8,35,1017
36.5,41,1016
35.5,40,1018
34.1,41,1017
33,41,1019
31.4,45,1019
30.2,47,1019
30.6,47,1018
30.4,53,1018
29.9,58,1018
29.4,60,1016
29.05,61,1015.5
28.7,62,1015
29.4,64,1014
29.7,66,1014
29.5,86,1015
27.1,99,1015
26.8,99,1014
27.5,99,1014
28.7,100,1013
29.7,100,1012
30.6,100,1011
31.5,100,1009
32.1,100,1008
32.4,100,1008
32.6,100,1007
32.8,100,1006
32.9,100,1006
33,100,1004
33,100,1003
33.2,100,1002
33.3,100,1002
33.5,100,1001
33.8,100,999
34.1,100,998
34.3,100,998
34.4,100,997
35,100,997
35.6,100,997
36.1,100,997
36.2,100,998
35.9,98,998
37.4,90,998
40.7,84,999
43.8,72,1000
47.2,58,998
49.1,54,997
49.9,51,997
51.1,35,996
51.4,32,997
50.6,44,997
48.6,45,997
45.8,52,998
42.3,53,998
42.4,43,999
40.7,48,999
38.7,42,1001
37.2,43,1001
36.3,45,1000
34.7,49,1000
32.9,55,1000
32.9,52,1000
33.8,53,1000
34.2,50,1001
34.2,52,1002
33.5,51,1002
34.4,49,1003
35.7,48,1003
38.3,40,1004
40.3,38,1004
42,31,1004
43.5,29,1003
44.2,33,1003
44.8,30,1003
44.5,32,1003
41.4,38,1004
37.9,47,1006
34.4,60,1006
32.6,58,1006
31,62,1007
30.4,58,1008
30.6,61,1007
31.3,47,1008
32.8,44,1007
32.9,49,1008
32.4,53,1008
32.5,55,1007
31.9,53,1008
31.8,50,1009
31.4,51,1009
31.5,48,1008
32.6,46,1009
33.4,46,1009
33.6,52,1008
33.1,59,1006
33,71,1005
32,85,1004
31.4,92,1004
31.1,96,1003
31,97,1003
31.3,98,1001
31.6,100,1000
31.9,100,999
32,100,1000
32.1,100,999
32,100,996
32.3,100,996
32.2,100,995
32.4,100,996
32.3,100,994
32.5,100,995
32.7,100,994
33,100,995
33,100,994
33.6,100,994
34.5,99,996
35.3,98,994
35.9,98,993
36.7,97,992
38.2,93,992
39.4,92,991
39.9,92,991
40.2,93,991
39.9,95,991
39.4,97,991
38.7,98,991
39.3,98,992
39.6,98,991
39.8,99,992
39.9,99,992
39.9,99,992
39.3,98,993
38.3,99,992
37.1,100,993
36.2,100,994
35.4,100,993
34.6,100,995
33.9,94,995
34.8,80,996
39.8,69,997
41.6,57,997
42.6,58,996
44,60,996
44.8,54,995
45.4,49,995
45.8,52,995
45.4,56,995
43.7,62,995
40.8,74,996
39.1,78,996
39.3,73,995
40.2,75,996
39.7,77,997
38.9,79,996
37.4,87,995
35.3,92,995
33.2,94,996
33.4,93,996
32.9,82,996
33.8,78,997
33.9,75,997
33.4,77,998
34,72,999
35.8,63,999
38.6,55,998
40.8,51,998
43.1,48,997
44.1,44,996
45.1,43,996
46.5,38,996
46,45,996
44,52,996
41.1,61,996
38.8,60,997
39.3,61,996
37.8,74,997
34.3,80,997
35.9,76,996
34.8,83,996
34.6,82,995
34.3,72,995
36.3,70,994
36.6,71,995
35.8,76,994
34.8,72,994
35.2,71,994
35.2,65,995
38.6,55,995
42.7,46,994
44.8,43,993
44.5,39,992
43.7,43,992
43.9,40,991
44.5,38,992
42.8,34,993
40.3,33,993
38,42,995
36,43,995
34.6,40,996
33.2,43,997
31.4,45,998
30.3,45,998
29.7,46,999
28.4,52,998
26.9,62,1000
25.3,69,999
24.3,64,1000
23.2,61,1001
24.5,65,1001
24.7,63,1002
28.4,52,1002
31.7,41,1002
34.5,35,1002
37.6,31,1000
40.1,29,999
42.3,23,998
44.4,25,998
45.9,22,998
46.3,24,998
44.9,28,998
42.3,30,998
41.5,32,998
41.4,34,998
41.1,35,998
41.5,35,997
41.8,35,996
42.7,38,996
41.7,38,995
41.4,39,996
40,46,996
38.8,46,995
39.1,46,995
38.9,47,995
38.2,48,995
40,41,995
42.8,38,995
46.8,34,995
51.4,30,994
54.7,27,993
58.4,23,991
60.9,25,990
60.4,24,990
59.1,25,989
57.8,27,989
56.1,29,990
55.9,28,990
55.4,29,990
54.2,31,989
53.2,31,990
53.6,33,990
53.5,34,990
54,42,988
54.5,40,987
53.2,48,986
51.6,54,987
49.9,58,985
48.8,61,985
48.2,69,985
47.7,72,985
49.2,62,985
50.8,57,985
53.3,51,984
54.8,47,983
54.6,51,982
52.8,53,982
48.6,54,982
46.3,54,983
45.3,49,983
42.1,43,984
39.3,38,986
35.4,34,988
33.8,37,989
31.9,42,990
31.1,44,992
30.1,42,992
27.7,37,994
26.4,36,995
23.8,40,996
22.1,42,997
20.9,45,999
20.2,47,999
19.7,48,1001
21.2,45,1002
23.4,42,1001
25.9,37,1002
28.4,36,1001
30.5,31,1001
32,32,1000
33.5,29,1000
34.2,30,1000
34.4,27,999
32.9,31,999
30.7,37,1000
29.3,34,1001
27.8,42,1000
27.7,40,1001
27.9,43,1000
27.7,38,1001
28.1,43,1000
28.5,40,1000
30.2,38,999
30.1,40,1000
29.2,46,999
28.8,45,999
27.9,51,999
27.6,49,1000
29.3,49,1000
31.8,41,1000
36.3,34,1000
40.1,34,998
42.3,35,997
44.2,33,995
45.1,33,994
46.3,32,993
46.6,33,993
45.3,36,993
42.1,46,993
38.7,49,993
39.3,51,993
39,58,994
38.6,60,993
36,53,994
36.1,51,995
34,53,996
32.4,51,996
30.9,50,997
29,44,998
27.7,47,1000
26.4,47,1000
25.3,45,1002
25.9,43,1003
27.7,39,1003
29.5,34,1004
31.5,33,1003
33.2,31,1003
34.5,26,1002
36,27,1002
36.9,24,1001
37.6,23,1001
36,30,1001
31.1,36,1002
30.3,45,1002
29,46,1001
29.7,38,1002
31.1,38,1001
30.3,43,1000
30,42,1001
30.5,44,1001
31.1,43,999
31.6,43,998
32,44,999
32.2,46,999
32.1,50,999
32.5,54,999
31.1,98,999
31.1,99,998
31.5,99,998
31.9,99,997
32,100,995
32.1,100,992
32.1,100,993
32.6,100,992
32.6,100,991
32.7,100,991
32.7,100,991
32.7,100,991
32.8,100,991
33,100,989
33.1,100,988
33.4,100,988
33.6,100,987
33.8,100,987
33.8,100,987
33.8,100,986
33.7,100,986
33.8,100,987
34,100,987
34.2,100,986
34.8,100,987
36.4,100,986
38.8,97,986
40.7,93,986
41.9,94,985
42.7,94,984
43.3,92,984
43.7,94,984
43.8,95,985
44,94,986
44.2,91,988
43.7,93,989
43.5,92,990
42.9,91,990
42,93,991
41.5,84,992
39.9,71,993
37.8,75,993
34.6,74,994
33.5,66,995
32.2,68,997
30.5,73,997
29.1,77,998
28.5,70,1000
28.9,63,1000
32.6,48,1000
35.7,41,1001
38,38,1000
39.6,33,999
41.2,27,998
42.2,30,998
42.3,29,999
42.4,30,999
41.1,29,999
39.6,32,1000
38.7,43,1000
38.1,43,1001
37.8,40,1002
37.7,40,1002
37.1,43,1002
36.1,45,1003
35,48,1003
33.9,51,1003
32.8,55,1002
31.7,56,1003
31.7,56,1004
31.3,58,1003
31.1,57,1003
33.6,47,1003
37.7,37,1003
41.4,31,1002
43.9,27,1001
46,28,999
47.1,28,999
47.4,26,998
47.5,29,998
47.1,29,998
45.1,36,998
42.5,39,999
40.2,39,1000
37.5,38,1001
36.2,39,1001
35,30,1001
33.5,32,1002
32.2,29,1003
30.7,30,1003
29,30,1003
27.7,33,1003
26.3,35,1004
25.3,35,1004
24.3,38,1004
24.2,45,1005
26.1,38,1006
28.7,33,1006
31.4,29,1006
33.2,28,1006
35.1,28,1005
36.2,28,1004
36.9,26,1005
37.7,25,1004
37.8,27,1005
35.7,29,1006
32.3,34,1007
28.8,31,1007
26.9,31,1008
25.3,29,1008
23.2,31,1009
21.3,33,1009
19.9,35,1008
18.8,36,1009
17.8,39,1009
16.7,46,1009
15.8,48,1009
15.6,47,1010
15.1,47,1010
15.2,45,1011
17.4,40,1011
19.9,36,1010
22.6,33,1010
25.9,31,1009
28.5,28,1007
31.3,30,1006
33.3,29,1004
35.1,30,1003
35.3,31,1003
35.2,32,1003
33.9,34,1002
33.1,35,1001
33.7,38,999
34,39,998
34.8,40,996
35.3,43,996
37.3,46,995
38.3,47,993
38.9,50,992
39.5,54,992
41.3,54,991
43.6,55,991
44.2,57,992
43.7,60,994
43.8,52,995
44.6,51,996
45.2,53,997
45.5,50,997
47.1,44,997
49.2,36,996
49.8,33,996
48.5,31,997
47.2,30,997
44.5,33,998
42.5,35,998
40.9,34,999
38.8,41,1000
37.3,42,1001
35.9,42,1000
35.1,42,1000
34.2,41,1000
33.5,38,1000
32.9,39,999
32.4,45,998
32,45,998
29.6,51,998
28.3,56,1000
28.7,53,1000
31.1,44,1001
33.2,42,1002
35.7,35,1001
39.1,26,1000
42.3,17,1000
43.9,17,999
43.7,22,999
43.4,21,999
43.5,15,999
42.1,19,999
38,19,1001
35,22,1000
32.9,23,1000
32.2,27,1000
30.9,27,1000
29.1,38,999
26.6,52,999
26,59,999
24.5,68,998
24.1,65,999
24.1,53,999
25.2,44,999
25.7,33,1000
27.6,33,1000
28.8,30,1001
31.8,22,1001
34.6,18,1001
36.8,18,1000
38.4,20,999
37.9,20,999
39,17,998
37.7,17,999
36.4,18,999
35.3,20,1000
34.3,22,999
32.6,26,999
29.8,29,999
28.4,34,999
27.9,35,999
28.2,49,999
28.8,52,998
28.8,57,999
28.1,49,999
28.5,45,1000
29.2,42,999
28.5,42,999
26.9,42,1000
26.9,41,1000
29.8,34,1001
32.3,26,1001
35,20,1001
37.4,18,1000
38.9,17,999
40.4,17,999
42.1,16,999
42.7,13,999
42.1,13,1000
39.9,17,1000
36.5,21,1001
33.7,31,1002
30.7,40,1002
30.1,23,1002
31,27,1003
30.6,25,1004
30.2,29,1003
29.3,27,1005
28.3,27,1004
27.7,29,1005
26.8,27,1005
26.4,28,1006
25.4,31,1007
24.3,39,1006
27.8,39,1007
31.3,41,1007
34.3,32,1008
37.3,25,1007
40.1,24,1006
42.8,20,1005
44.5,20,1004
46,18,1004
46.9,17,1004
45.1,20,1004
41.5,27,1006
36.7,34,1005
35.8,30,1006
37,30,1006
36.2,40,1006
33.7,34,1005
35.2,30,1006
35.9,32,1005
35.9,40,1005
35.3,46,1005
34.1,57,1005
35.8,68,1005
31.4,75,1005
32.7,81,1006
39.8,77,1006
42.4,73,1006
46.3,54,1006
52.3,45,1005
55.9,37,1003
58.2,35,1002
59.6,38,1001
60.6,44,1001
59.7,52,1001
57.5,57,1000
54.1,67,1000
51.7,70,1000
49,77,1001
48.8,76,1000
47.6,77,1000
47.1,81,1000
47,82,999
45.5,83,999
45.7,85,998
45.2,87,998
45.7,88,998
46.3,90,998
46.3,90,999
46.3,87,999
46.2,80,998
45.8,77,998
46.4,77,998
45.8,89,997
44.7,90,996
43.7,96,995
43.3,95,994
42.8,96,993
42.6,99,992
42.2,99,990
42.1,100,989
42.3,100,988
42.3,100,986
41.8,100,985
41.3,100,983
39.7,100,981
37,96,982
33.9,96,981
33.5,96,981
33.5,96,981
33.7,95,981
34,96,980
34.1,96,981
34.5,98,981
34.9,99,982
35.5,98,982
37,96,982
40.6,86,981
44.1,83,981
48.6,54,981
50.4,49,982
48.7,49,983
45.7,49,985
40.7,46,987
36.9,51,990
34.4,54,990
32,54,991
29.9,57,991
28.5,58,992
27.3,58,994
26.1,60,995
25.35,60.5,995
24.6,61,995
23.5,60,995
23.1,61,996
22.7,61,995
22.1,63,996
22.5,60,996
23.9,54,998
25.8,45,997
28.5,42,998
30.6,37,998
33.3,31,997
35.2,29,996
36.6,25,995
38.1,26,995
37.3,25,995
35,28,995
32.5,43,997
28.7,41,996
29.6,37,997
28.7,38,997
27.3,42,997
26.9,46,997
26.8,45,997
26.7,45,997
26.3,47,996
25.9,48,997
25.6,47,997
25.2,48,997
24.5,48,997
24.4,45,998
25.2,41,999
27.2,38,998
28.7,37,998
30,33,997
32.1,29,996
34.2,29,996
35.6,27,996
36.3,28,996
36.7,27,996
35.4,31,997
32.5,33,997
29.6,42,998
28.9,42,997
26.9,53,998
24.9,68,997
25.1,52,997
24.4,63,997
23.4,66,996
22.7,59,996
24.6,58,996
23.6,58,996
24.7,61,996
24.8,50,996
27.5,41,996
31.5,41,996
35.3,36,995
39.9,33,995
41.9,32,993
43.8,28,992
45.1,25,991
44.3,27,990
43.5,29,990
43.8,30,989
43.5,31,989
42.9,32,990
41.9,33,990
40.7,35,990
40.4,36,990
38.9,42,990
35.4,49,990
36.5,48,990
36.8,50,990
35.5,56,990
34.7,60,990
33.5,64,990
32.1,67,991
31.2,69,991
31.7,66,992
34.3,57,992
36.8,43,993
37.7,33,993
38.5,28,993
39.7,32,992
40.6,28,991
41.9,27,991
43.1,29,991
42.4,30,991
40.6,27,993
35.1,31,996
31.4,31,997
29.6,34,999
28.3,38,1000
27.4,41,1000
26.3,45,1002
25.5,45,1001
24.7,49,1002
24.2,50,1003
23.3,52,1003
21.7,58,1004
21.4,61,1005
20.8,68,1005
21.1,65,1006
28.8,44,1007
31,37,1006
34.6,34,1006
37.8,30,1006
40.3,30,1005
43,30,1004
45.7,28,1003
47.7,28,1003
47.8,30,1002
46.9,32,1002
44.9,36,1002
43.4,36,1001
43.4,38,1001
43.2,39,1001
42.1,43,1000
41.7,48,1000
41.4,55,1000
42.1,54,1000
42.8,54,999
43.1,54,999
43.1,57,999
42.9,60,999
42.7,60,999
42.5,61,998
44.8,56,998
47.4,51,997
52,50,997
54.6,46,996
58,42,995
60.7,40,994
62.8,44,993
63.1,47,992
62.4,59,992
58.5,65,992
57.7,66,992
57.7,67,992
57.4,70,991
56.9,71,991
57,71,991
56.8,73,990
56.7,74,990
56.4,76,990
56.4,78,990
56.1,80,990
55.2,83,990
54.8,85,991
55,86,991
55.3,84,992
55.9,84,992
56.9,81,993
59,72,993
61.4,58,993
65.1,55,992
66.4,50,992
67.7,49,991
67.2,49,991
66.7,54,991
64.9,67,991
62.3,72,992
60.7,78,992
58.2,88,992
55,92,992
53.5,95,992
53.4,97,992
52.3,98,992
52.4,98,992
52.5,98,991
52.2,99,991
52.3,99,991
53,99,991
53.3,99,991
52.3,98,992
51.5,93,992
54.7,74,991
58.8,50,990
63.8,29,989
67.4,30,988
68.4,23,986
70.1,17,985
69.3,14,985
68.5,16,987
64.3,13,988
60.4,14,990
57.3,15,991
55,21,992
53.2,23,992
51.4,23,993
50.1,27,993
47.3,28,993
46.3,32,994
44.6,36,994
42.5,35,994
40.4,38,995
38.8,42,996
37.6,44,998
38,41,998
40.3,37,999
42.3,31,1000
44.6,28,1000
46.6,27,1000
48.7,21,999
50.5,21,999
52,19,999
52.6,15,999
52.1,15,1000
50.8,16,1000
47.8,20,1001
45.3,20,1001
43.3,24,1001
41.1,24,1002
41.9,26,1002
40.5,28,1002
38.9,30,1002
37.1,33,1002
35.3,37,1002
33.1,42,1002
32.8,43,1003
32.7,42,1003
34.2,36,1004
34.7,33,1005
38.9,27,1005
41.6,24,1005
44.6,20,1005
47.3,15,1004
49.6,16,1003
51.5,17,1002
53.1,14,1002
54.2,12,1002
54.4,12,1002
53.1,16,1002
48.8,24,1002
46.9,26,1002
46.7,24,1002
47.6,23,1002
47.4,23,1001
46.9,26,1001
46.4,28,1002
45.7,33,1001
45.6,36,1001
44.8,42,999
44.7,44,999
44.5,45,1000
44.5,44,999
44.6,45,999
44.4,45,998
44.4,47,997
44.2,64,995
45.2,78,995
44,92,993
45,93,990
46,96,989
48.1,97,987
50.3,97,988
50.8,98,986
50.9,99,986
50.6,99,985
49.2,99,987
46.3,99,986
44.2,100,987
42.7,100,987
42.2,100,987
41.6,100,987
41.8,100,987
42,100,987
41.6,100,987
41.2,100,988
40.7,100,989
40.4,100,990
40.9,100,991
42.4,99,991
46,80,991
49.7,67,990
53,61,990
55.1,59,990
56.7,52,989
57.3,51,989
58.6,50,989
56.4,58,989
52.4,74,990
49.9,74,990
49.3,79,991
48.4,82,991
47.5,81,991
46.2,84,992
43.8,92,991
43.5,90,991
40.4,98,992
39.4,98,993
37.7,99,993
36.8,100,994
36.3,100,993
35.8,100,994
43.4,81,995
51,70,995
54.5,50,995
56.8,35,994
58.6,31,994
59.4,30,993
60.5,32,993
61.7,32,993
61.1,30,994
61.1,34,994
56,45,994
51.8,54,995
48.7,65,995
49.8,42,996
52.2,52,996
49.7,46,996
51,45,996
49.3,47,997
46.5,59,997
43.4,70,998
41.3,76,999
39,77,999
37.8,74,1001
38.4,63,1001
41.8,54,1002
44.7,51,1002
48.3,43,1002
51.4,38,1002
53.9,36,1001
55.7,30,1000
57.4,30,999
58.6,28,999
58.5,29,999
57,31,999
53.3,41,999
50.8,44,1000
49.3,46,1000
48.9,48,1000
47.9,50,1000
47,61,1000
45.7,73,1000
44.95,75.5,999.5
44.2,78,999
43.4,77,999
42.8,78,999
42.1,81,999
41,82,998
42.4,73,998
46,72,998
50.5,71,997
54.8,72,996
59,69,996
62,65,995
63.8,66,993
65.5,65,993
66.1,66,991
66.4,63,990
66.5,64,990
65.6,66,990
63.3,75,989
61.2,81,989
59,91,986
58.1,92,986
57.8,93,983
56.7,95,981
57.6,94,979
60.7,94,978
60.94285714,94,976
61.18571429,92,976
61.42857143,91,977
61.67142857,85,978
61.91428571,77,979
62.15714286,47,982
62.4,35,983
61.1,24,984
61.6,18,985
62.7,14,985
63.8,15,985
64,13,984
63.7,12,985
62.2,16,985
60.7,14,986
58,19,987
53.3,29,987
52.2,30,988
52.4,32,989
53.3,35,989
53.3,38,989
52.1,39,988
51.3,40,988
50.6,40,988
50,44,988
48.5,46,988
48,47,989
47.6,47,989
47.9,48,989
50.6,40,990
54.2,35,989
57.7,31,988
60.9,23,988
63.1,20,987
64.3,17,985
65.3,16,985
65.6,18,985
65,14,985
63.6,13,985
61.4,16,986
59.3,19,987
57.6,19,988
56.5,21,988
55,22,989
53.2,25,989
49.4,37,990
45.1,48,991
42.6,54,991
40.7,57,992
38.9,58,993
38,61,994
36.6,60,995
36.4,57,995
37.5,44,996
38.7,43,997
39.9,36,996
40.8,37,996
42.1,38,995
43,36,995
44.1,33,995
44.1,32,995
43.8,32,996
42.7,36,996
40.8,37,997
39.5,39,998
37.4,47,999
35.2,54,999
33.9,53,1000
33.3,54,1000
32.1,57,999
29.7,66,999
30.6,60,999
30.7,61,1000
30.2,61,1000
30.1,56,1001
30.7,54,1001
32.6,49,1002
38.6,31,1002
42.3,29,1002
45.2,28,1001
48.7,24,1000
52.1,23,999
55.5,20,998
58.4,23,998
60.7,21,997
61.2,19,997
60.8,21,997
58.9,22,997
56.4,27,998
55.7,25,998
54.4,27,999
54,30,999
51.7,34,1000
49.9,36,1000
48.1,42,1000
44.7,46,1001
44.6,47,1002
43.6,50,1003
43,50,1004
42.7,51,1006
42.5,45,1007
43.4,34,1008
44.8,30,1008
46.1,28,1009
47.3,21,1009
48.5,18,1008
49.8,20,1008
50.8,16,1007
51,17,1007
51.1,23,1007
50.4,18,1008
47.5,22,1008
45.1,28,1008
42.8,42,1008
41,46,1008
39.4,49,1008
38.4,66,1008
37.4,77,1008
36.1,80,1008
34.6,81,1007
33.9,79,1007
34.2,76,1006
34.3,77,1006
34.2,77,1005
35.4,76,1004
38.3,73,1004
44.9,70,1003
50.5,63,1002
54.3,50,1001
59.3,38,999
63.4,35,998
66.5,27,997
67.3,25,996
67.6,28,996
66.9,27,996
64.1,30,997
62.3,31,997
60.4,35,997
59.4,36,997
59.6,36,998
53.3,62,1000
40.9,72,1002
37.4,74,1002
35.1,75,1003
33,73,1003
31.9,73,1004
30.8,77,1004
30,79,1005
30.8,71,1005
33.5,62,1006
36,53,1006
38.7,51,1005
41.9,54,1005
44.9,46,1005
47.5,40,1004
50.1,34,1003
51.9,33,1003
52.9,31,1003
52.1,34,1003
48.7,41,1004
46.5,47,1004
45,50,1005
42.9,56,1006
41.9,57,1006
40.3,63,1007
38.7,74,1007
37.3,83,1008
35,80,1008
33.3,83,1009
31.9,83,1009
31,86,1009
30.8,81,1010
32.5,73,1010
36.5,60,1011
39.9,56,1011
43.7,57,1011
47.2,43,1010
50.5,35,1009
52.7,42,1008
54.8,34,1008
55.6,33,1007
56.7,35,1007
55.7,40,1007
53,50,1007
49,57,1007
48.1,62,1007
46.7,68,1007
46.6,78,1007
44.9,79,1007
41.9,84,1006
43.3,90,1006
41.7,92,1005
40.7,94,1006
37.7,99,1007
38.2,100,1007
38.2,99,1007
41.5,93,1007
47,78,1007
55.6,72,1007
60.4,63,1006
63.1,51,1005
65.4,47,1004
66.7,43,1003
67.7,45,1002
68,38,1002
67.9,39,1002
66.7,45,1002
63.4,53,1002
61.3,55,1003
59.9,59,1003
58.5,70,1003
57.4,76,1003
56.9,79,1003
56.8,83,1002
56.5,83,1002
55.3,85,1002
55.1,82,1002
54.4,89,1002
51.5,93,1003
49.8,92,1003
53,74,1004
56.9,62,1005
58.3,64,1006
59.2,51,1006
61.7,37,1006
63.1,44,1005
64.6,28,1004
66.2,22,1004
66.7,21,1004
66.7,18,1004
65.5,15,1004
61.3,20,1004
56.7,20,1005
55.5,24,1006
51.7,24,1006
49.9,34,1006
46.4,31,1006
46.3,39,1006
44.4,68,1007
44,75,1007
44.6,77,1007
42.1,84,1008
41,68,1008
41,66,1008
42.3,64,1009
46.1,56,1009
49.8,52,1009
52.6,45,1008
55.3,43,1007
58.1,38,1006
60.9,32,1005
62.6,36,1005
62.9,35,1004
62.3,39,1004
60.7,46,1004
58.6,54,1004
56,61,1005
54.5,64,1005
53.9,64,1005
54.1,62,1005
53.2,66,1005
51.8,73,1005
50.9,78,1004
50.3,82,1004
49.9,85,1003
50.1,88,1004
49,91,1004
48.3,91,1004
50.5,85,1005
56.4,68,1005
61.2,55,1005
65.1,45,1005
67.9,42,1004
69.4,32,1003
74.2,27,1002
75.8,27,1002
76.6,27,1001
77.1,28,1001
75.1,33,1001
71.3,38,1001
69,42,1002
67.3,43,1002
67.6,40,1002
67.2,44,1002
65,53,1002
62.7,58,1002
61.9,55,1002
61.6,57,1001
60.4,61,1001
59.7,64,1001
59.5,68,1001
58.7,70,1001
59.5,70,1002
61.8,65,1002
64.8,59,1002
68.7,49,1001
69.525,44,1000
70.35,37,1000
71.175,35,999
72,35,998
72.825,35,997
73.65,34,997
74.475,35,997
75.3,39,998
73.1,44,998
71.6,47,998
70,51,998
68.5,55,998
67.4,58,998
65.4,63,997
64.9,65,996.5
64.4,67,996
63.5,63,996
62.7,63,996
61.8,67,997
61.1,72,997
61.9,73,997
64,70,998
66,66,998
69,59,998
71.7,49,997
74.7,44,996
76,41,995
77.3,39,994
77.3,40,994
76.6,40,994
75.5,42,994
73.3,47,994
71,52,995
70,53,995
69,60,995
67.7,67,995
66.4,77,995
64.5,88,994
61.2,94,994
55.7,96,993
52.7,96,993
51,97,992
49,97,992
47.5,97,992
47,98,991
46.5,98,991
45.9,97,990
45.4,96,989
44.7,98,989
44,98,987
43.4,97,986
42.3,95,986
41.3,96,986
41,95,987
40.8,95,988
40.5,94,988
39.9,93,989
39.4,93,990
39.6,93,990
39,92,990
38.3,96,990
38.1,86,990
39.2,75,989
37.5,70,989
35.9,75,990
34.5,78,990
34,78,991
34.3,78,992
35.6,75,992
36.9,62,992
39.1,60,994
40.1,50,993
40.9,45,993
42.9,42,993
44.4,46,992
45.6,37,993
46.2,36,993
45.3,34,994
43.6,37,995
41.4,40,996
39.5,43,997
38.1,47,998
36.9,49,1000
35.5,56,1000
33.8,62,999
32.9,61,1000
33.9,60,999
33.1,60,999
32,65,1000
30.8,66,1000
30.9,59,1002
30.2,58,1003
32.7,49,1003
36.4,38,1004
38.5,36,1004
40,35,1004
41.7,33,1004
43.4,30,1004
44.2,25,1003
45.3,24,1003
45.6,26,1004
45.2,27,1004
45.1,28,1004
42.7,35,1005
39.6,41,1006
37.2,60,1006
34.3,63,1008
31.5,75,1008
31.1,81,1009
30.3,77,1008
31.7,62,1009
32.3,51,1009
31.5,67,1009
31.8,45,1009
31.2,57,1010
30.9,51,1011
36.6,36,1011
42.2,32,1011
46.3,33,1011
49.8,39,1011
52,32,1010
54.8,30,1009
57.7,29,1008
59.3,29,1007
60.5,30,1007
61.2,31,1007
60.5,34,1007
59.1,38,1007
57.2,41,1007
56.4,45,1007
54.4,50,1007
53.4,53,1007
52.9,56,1007
52.7,58,1008
52.6,59,1007
52.1,62,1006
51.5,64,1006
51,66,1007
50.9,67,1007
51,67,1008
52.8,60,1008
56.1,55,1009
59.5,51,1009
63.2,44,1009
67.4,41,1009
70.1,40,1008
72,47,1007
72.9,37,1007
73.6,42,1007
73.3,41,1007
72.9,44,1008
70.2,53,1008
65.7,61,1009
64.5,61,1010
64,62,1010
64.6,60,1010
61.6,60,1011
58.7,62,1011
56.9,62,1012
54.8,67,1013
52.8,52,1013
51.5,48,1013
50.6,47,1014
50,49,1014
49.5,54,1015
49.7,59,1015
51.8,60,1016
52.7,60,1016
55.1,58,1016
57,56,1015
58.3,59,1014
58.7,59,1014
58.2,58,1013
58.8,60,1014
57.7,61,1014
56.3,65,1014
55.4,63,1014
53.7,64,1014
52.3,65,1013
50.5,70,1013
48.9,73,1012
48.3,78,1011
48.3,81,1011
45.9,87,1011
44.8,88,1010
44.1,90,1010
42.8,93,1011
42.9,90,1011
45.5,80,1011
50.2,78,1012
56.3,73,1011
63.9,64,1010
68.3,59,1009
70.1,54,1008
72.1,48,1007
72.4,47,1006
72.4,47,1005
72.6,49,1005
72,52,1005
69.3,60,1005
66.3,66,1005
64.9,67,1005
63.8,70,1005
62.8,70,1006
61.3,73,1005
60.5,73,1005
60.3,74,1005
59.4,78,1004
58.3,80,1004
57.8,81,1004
57.8,81,1005
57.9,82,1005
59.8,78,1006
63.4,73,1006
67.5,64,1006
70.9,56,1005
73.9,48,1005
75.7,41,1004
77,42,1002
78.5,40,1002
78.8,38,1002
78.8,39,1002
78,40,1002
75.3,46,1002
72,53,1003
69.7,57,1003
69.5,55,1003
70.3,56,1003
69.1,60,1003
67,65,1003
65.8,68,1003
65,70,1003
63.9,75,1003
62.7,76,1003
62.1,78,1004
61.5,77,1004
62.8,73,1005
64.1,71,1006
66.7,66,1006
69.5,59,1006
74.6,41,1005
78.8,38,1005
80.5,36,1004
81.15,37,1004
81.8,33,1003
80,36,1003
78.2,42,1003
76.4,50,1003
72.1,55,1004
70.8,65,1004
69.7,54,1004
72.3,48,1004
71.7,52,1003
69.9,56,1003
68.2,55,1003
66.2,61,1003
64.3,66,1004
62.3,64,1004
62.8,74,1005
63.1,66,1006
65.3,67,1007
67.4,62,1007
69,59,1008
70.7,52,1008
72.5,54,1008
73.7,56,1007
74.5,45,1007
75.2,45,1007
75.3,44,1006
74.5,43,1006
72.8,46,1007
70.2,44,1008
65.7,57,1008
59.5,63,1009
55.3,67,1009
52.7,71,1010
50.5,76,1010
48.5,80,1010
47,83,1010
46.1,86,1010
45.2,88,1010
44.4,91,1010
43.5,91,1011
43.6,89,1011
45.2,87,1011
46.4,84,1011
49.3,77,1011
54.8,69,1010
60.6,61,1009
64.7,60,1008
67.4,55,1007
69.9,49,1006
71.4,48,1005
71.8,46,1005
71.2,48,1005
69,54,1005
67.2,58,1005
66.1,59,1005
65.1,64,1005
64.6,68,1005
63.8,73,1004
62.9,77,1004
61.9,81,1003
60.8,83,1003
60.2,85,1002
60.2,86,1003
60,86,1003
60.4,85,1003
61.3,85,1003
62.8,83,1003
65.9,74,1003
69.8,67,1003
74.4,58,1002
78,54,1001
81.2,44,1001
82.7,40,1000
82.6,44,1000
83,41,999
82.1,45,1000
78.8,53,1000
75.5,61,1001
73,68,1001
71.5,72,1001
70.4,67,1001
69.7,74,1001
69.8,67,1000
70.6,69,1000
68.9,71,1000
68,75,1000
66.9,78,1000
66,76,1000
66.7,74,1001
67.8,72,1001
71.1,61,1001
73.7,57,1002
76.5,53,1001
78.8,48,1001
79.9,44,1001
79.5,50,1000
82.1,37,999
83,33,999
82.4,52,999
74,56,1000
70.4,68,1001
67.6,71,1002
65.6,71,1004
63,75,1004
61.6,74,1004
60.9,74,1004
59.8,78,1005
58.65,84.5,1005
57.5,91,1005
54.8,95,1005
53.4,91,1006
52.1,89,1007
50.1,93,1008
48.5,92,1009
46.4,85,1010
46,83,1011
47,81,1011
48.3,80,1011
49.9,80,1010
52,80,1010
52.9,62,1009
53.3,54,1009
54,63,1009
53,72,1009
49.8,77,1009
46.6,88,1009
45.1,92,1009
44.3,88,1009
43.6,88,1010
42.7,96,1010
40.7,97,1009
40.3,95,1010
39.3,97,1010
37.8,98,1010
36.8,98,1010
35.5,99,1010
35.8,99,1010
41.5,82,1010
48.7,62,1010
55.8,37,1010
58.6,27,1010
60.5,26,1008
61.9,24,1008
63.9,25,1007
65.6,17,1006
66.7,21,1005
66.8,20,1004
66,24,1004
62.7,31,1004
59.2,33,1004
58.3,35,1004
56.3,34,1004
56.3,33,1003
55.6,37,1003
54.5,43,1003
53.7,51,1002
53,55,1002
50.8,60,1001
50,61,1001
50.2,60,1002
51,61,1002
54.4,60,1002
59.8,58,1002
64.4,57,1002
66.5,52,1001
69.7,51,1001
71.9,51,1001
73.8,46,1000
75.1,52,999
74.9,46,999
75,47,999
74.2,50,999
72.2,57,999
68.7,63,1000
66.4,65,1000
65.9,65,1000
65.9,69,1000
65.2,73,1000
63.5,80,1000
62.2,80,1000
63.1,82,1000
62.1,84,1000
60.9,85,1000
61.1,83,1000
61.8,82,1001
62.8,78,1001
65.6,71,1001
69.1,62,1001
70.9,62,1001
70.8,59,1000
70.9,56,1000
72.4,61,999
72.3,59,999
73.9,52,998
74.7,54,998
72.9,61,998
71.3,66,997
69.7,68,998
69.9,64,998
70.1,67,998
69.1,72,999
66.1,91,998
63.8,92,998
63.7,91,998
63.4,92,997
63.4,92,998
63.1,94,998
62.6,93,998
62.5,92,998
63.8,87,999
65.8,83,999
67.1,79,999
70,69,998
73,62,998
75.5,45,997
77.4,42,997
77.5,39,996
79.5,36,996
79.5,33,996
79.2,35,996
75.9,48,996
71.1,59,997
70.2,59,998
69.4,62,998
68.2,65,998
66.2,70,998
62.8,79,998
61.4,80,998
58.6,87,998
57.5,89,998
57.2,88,999
55.5,94,999
55.7,84,1000
63.1,72,1000
70.4,43,1000
74.9,33,1000
77.6,32,1000
79.2,25,999
80.6,27,998
81.3,27,997
82.6,29,996
82.9,25,996
82.4,28,995
81.3,30,994
78.6,35,994
76.6,37,995
74,59,995
71,73,994
66.3,90,993
64.5,90,993
61.9,88,992
60.7,90,991
60.5,94,990
61.5,96,990
62.9,95,989
64.1,93,989
64.8,91,988
65.9,87,988
68.7,65,989
71.8,54,989
73.8,46,988
75.2,45,987
76.3,39,986
77.1,42,985
77.8,34,984
78.6,34,983
79.5,30,983
78,37,984
75,25,985
70.8,26,986
66.4,24,988
62.7,26,988
59.8,29,989
56.8,30,990
54.1,33,990
51.8,37,990
49.4,41,990
47.5,47,990
45.6,53,991
44.2,58,992
43,59,993
45.2,43,993
46.8,44,993
48,41,994
49.3,31,993
50.4,32,993
51.6,32,992
52.9,30,992
53.6,29,991
54.6,31,991
55,26,991
54.1,27,992
51,31,993
48.4,36,993
45.9,38,994
43.9,40,994
42.2,42,994
40.6,43,994
39,46,994
37.2,57,994
34.9,63,993
34.1,65,994
32.5,71,994
34.26666667,79,994
36.03333333,73,995
37.8,51,995
40.4,42,995
42.1,42,994
43.4,37,993
44.9,34,992
47.7,35,991
50.1,39,989
52.4,29,988
53.3,25,987
54.4,25,987
53.2,28,986
51,31,986
48.3,43,987
46.6,47,986
46.9,41,986
46.1,73,987
39.6,87,987
35.7,96,987
34.55,99,987
33.4,94,987
33.6,95,987
33,82,988
33.14642857,75,989
33.29285714,65,990
33.43928571,53,990
33.58571429,49,991
33.73214286,48,992
33.87857143,40,991
34.025,33,991
34.17142857,30,991
34.31785714,27,991
34.46428571,26,991
34.61071429,23,991
34.75714286,24,992
34.90357143,26,993
35.05,31,994
35.19642857,34,995
35.34285714,39,996
35.48928571,38,997
35.63571429,45,997
35.77970238,47,997
35.92857143,50,998
36.075,49,998
36.22142857,50,997
36.36785714,62,998
36.51428571,62,998
36.66071429,68,999
36.80714286,57,1000
36.95357143,39,1000
37.1,35,1000
39.8,31,1000
42.5,32,998
45.4,34,997
47.4,26,997
49.3,26,996
50.7,26,996
51.7,25,996
52.5,27,996
52.1,26,996
49.6,32,996
44.1,53,997
42,56,998
41.1,58,997
39.1,65,999
38.8,49,999
39,49,999
37.3,52,1000
35.8,57,999
35.6,58,999
35.2,64,1000
33.4,72,1000
33.1,67,1001
37.3,51,1001
42.1,42,1001
44.7,32,1000
46.2,35,1000
47.1,31,999
48.4,31,998
49.2,29,998
50.7,27,997
52.2,26,997
53.2,25,996
53.3,26,996
50.2,38,996
45.5,49,997
43.8,48,997
42.2,53,997
41.9,58,998
38.8,72,998
36.1,81,997
35.1,73,997
34.6,86,998
34.1,78,998
33,80,999
33.7,74,1000
35.9,67,1000
40.9,56,1000
47.5,41,1000
50.8,39,1000
53.2,33,999
54.9,32,999
56.3,29,998
57.7,26,998
58.8,28,998
59.9,25,997
60,25,996
58.9,28,997
56.8,32,997
54.8,36,997
53.6,37,998
53.5,39,998
51.2,47,998
49.5,51,998
48.5,60,997
47.8,61,997
46.4,64,996
45.6,72,996
45.5,72,996
46.3,72,996
46.3,89,996
45.4,93,996
45.1,94,996
45.6,95,996
47.6,92,995
49.4,88,994
51.9,91,993
54.2,92,992
55.1,89,991
55.3,86,991
55.3,88,990
56.1,84,990
57.1,80,989
57.5,82,988
57.8,86,988
57.9,93,987
57.5,97,988
57.6,98,987
60,97,985
61.5,97,984
62.7,96,985
62.7,97,985
62.3,97,986
57.2,97,987
56.1,97,987
57.2,92,988
59.1,85,988
62.4,56,988
65.3,50,988
67.9,33,987
69.6,28,987
71,25,987
72.3,22,986
72.6,21,986
72.6,23,987
71.9,23,988
68.9,29,988
64.6,35,990
63.1,31,991
59.7,37,992
57.9,39,993
57.3,33,993
55.9,42,994
53.1,43,995
50.9,46,995
48.1,55,996
45.8,59,997
44.7,61,998
45,60,999
47.6,48,1000
49.6,46,1000
51.6,40,1000
53.6,38,1000
55.7,34,999
57.9,31,999
60,33,999
61.6,28,998
63,28,997
63.9,28,998
64.4,30,997
60.7,46,998
54.5,55,998
51.3,67,999
48.8,68,999
48.8,71,999
47.8,58,999
51.2,44,998
52.6,42,999
51.5,50,999
49.6,51,999
49.4,51,999
49.1,50,999
48.8,57,1000
51,49,1000
53,51,1000
54.8,45,1000
57.1,45,1000
58.3,47,998
62,40,997
65.1,36,996
67,38,994
68.6,34,993
68.6,37,992
68.1,43,992
67.7,57,991
65.4,67,991
64,69,990
63.7,71,989
63.9,75,988
63.9,90,988
62.4,90,985
62.6,93,983
62.1,96,982
63.2,96,981
64.3,96,981
64.1,96,980
63.8,97,978
64,96,976
65.4,94,975
66.8,94,974
66.5,95,972
69,89,971
73.6,77,969
68.8,92,967
62.8,94,967
57.8,91,967
56.3,90,968
55.6,86,969
53.7,93,970
45.2,93,972
42.4,93,975
41.4,90,976
41.9,82,976
42.6,74,977
42.7,69,978
43.4,60,978
43.5,55,979
43.9,48,979
44.6,48,980
44.6,52,981
44.9,52,982
47.1,47,982
48,39,981
49.3,38,982
50.5,39,982
52.4,37,983
53.9,35,982
55,29,982
56.3,29,982
57.5,27,982
58.3,27,982
58,27,982
56.9,29,982
55.1,33,983
54.4,33,984
52.9,37,984
52.1,36,984
51.7,36,984
51.8,37,984
51.3,40,984
50.5,40,984
50.8,42,984
49.9,44,984
48.8,51,985
48.6,48,986
52.2,44,987
54.5,38,987
57,35,987
59.4,38,987
61.5,36,986
63.1,33,986
65.9,41,985
68.2,31,984
69.5,34,984
70,32,984
69.1,34,984
66.6,40,984
60.1,60,985
57.8,45,986
60.4,44,987
56.9,59,986
52,73,987
49.5,76,987
48.2,84,986
47,85,987
46.1,86,987
44.6,91,987
43,94,988
44.8,76,988
49.8,68,989
51.7,61,989
53.6,57,988
54.3,56,989
55.8,56,989
58.5,53,988
60.9,46,988
62.9,51,987
63.4,47,987
63.3,48,987
61.4,53,988
58.7,58,989
55.1,67,989
53,69,990
52.1,69,990
50.8,70,991
49.8,78,991
48,79,991
46.4,82,990
44.9,86,991
44.1,88,991
42.9,93,991
42.3,95,992
44.3,83,993
46.8,74,993
49.5,64,993
52.8,61,993
54.8,53,993
55.5,53,993
56,58,993
55.7,55,993
55.7,67,992
55.1,66,992
55.1,58,993
54.8,69,993
52.1,84,994
50.8,85,995
50.5,85,995
50.3,78,996
50.3,78,996
50.2,79,997
49.8,81,997
49.1,83,997
47.5,86,997
46.5,92,998
44.4,96,998
43.2,97,999
44.4,90,1000
48.8,75,1000
53.8,66,1001
57.4,61,1001
60,52,1000
62.2,48,1000
64,34,1000
64.7,42,1000
65.8,37,999
67,36,999
67.8,32,999
66.8,35,1000
64.1,52,1000
57.3,66,1000
53.6,76,1000
51,74,1000
49.7,86,1001
48.8,85,1001
47.9,88,1001
46,92,1001
44.5,93,1001
42.7,97,1001
42.4,97,1001
40.7,99,1002
43,96,1003
52.3,72,1004
61.6,44,1004
67.3,27,1005
68.6,23,1004
69.7,23,1004
70.7,21,1004
72.3,30,1003
73.1,21,1002
74,17,1002
74.7,15,1002
74.7,18,1002
69.1,31,1002
62.2,43,1002
60.8,42,1002
61.9,33,1002
61.9,33,1002
60.6,38,1003
57.9,38,1002
56.8,39,1002
55.3,39,1003
54.5,48,1003
54.2,50,1003
53.8,56,1003
54.9,59,1004
59.2,55,1005
63.5,48,1005
69.7,34,1005
73.2,35,1005
75.8,26,1005
77.7,27,1005
78.7,28,1004
79.9,19,1003
80.5,26,1003
80.9,19,1003
79.7,22,1003
75.6,31,1003
70.7,32,1003
69.1,35,1004
67.8,35,1004
66.9,39,1004
64.6,45,1004
62.9,48,1004
61.7,54,1004
60.7,56,1004
59.9,57,1004
59.6,56,1005
58.6,59,1005
59.4,59,1006
62,55,1006
65.5,53,1006
69.3,48,1006
72.5,36,1005
75,30,1004
76.7,32,1004
78,29,1003
78.9,28,1002
79.3,28,1001
79.5,26,1001
78.7,30,1000
76.2,31,1000
72.5,31,1001
71,32,1001
69.9,33,1001
66.7,47,1001
65.4,53,1001
64.8,56,1000
64.3,58,1000
63.4,62,1000
62.6,65,1000
61.7,67,1000
61,66,1000
61.4,65,1000
62.7,66,1001
64.7,62,1001
67.8,59,1000
71.3,52,1000
74,49,999
76.8,42,999
77.9,45,998
79.3,44,997
80.2,43,997
80.8,39,997
79.8,40,997
77.2,52,997
73.5,56,997
71.8,60,998
70.4,63,998
69.2,64,998
69.1,66,998
69.2,68,998
67.5,74,997
66.2,76,997
66.1,76,997
65.3,79,997
64.2,81,997
65,77,997
68,72,998
70.8,68,997
74.3,59,997
77.5,52,997
80.2,43,996
82.3,43,996
83,38,995
83.4,36,994
84.2,40,993
84.1,34,993
82.6,38,993
80.5,40,994
78.8,40,994
76.7,44,995
75.6,51,995
74.5,53,996
73,57,995
71.4,61,995
70.65,64,995
69.9,67,995
68.3,70,995
67.5,73,995
66.7,75,996
67.2,74,997
69.4,67,997
72.1,65,998
74.5,57,998
77.8,50,997
80.2,48,997
80.5,53,996
78.6,65,995
81,49,994
81.6,47,993
83.2,47,993
82.3,46,993
80.3,49,993
77.7,58,993
75.5,60,994
73.5,64,993
71.5,69,994
70.3,70,993
69.9,70,993
69.6,70,992
69.4,78,992
69.2,80,992
69.3,83,992
68.2,90,993
68,86,993
69.9,81,993
71.8,75,993
73,81,993
68.3,94,993
70.3,80,992
75.1,64,992
77.6,53,991
79.8,47,990
80.6,44,989
79.6,55,989
78.9,45,990
77.2,53,990
74.8,52,990
72.8,60,991
70.8,60,991
69.7,59,991
67.8,63,991
66.2,68,991
63.7,71,991
62.1,71,991
61.2,69,992
60.3,72,992
58.2,76,993
59.2,70,994
62.3,63,994
64.6,56,994
66.1,47,995
67.9,43,994
69.1,47,993
70.7,42,993
71,41,993
71.6,35,992
72,38,992
72.8,38,992
71.9,37,992
70.4,40,993
67.5,47,994
64.5,56,994
63.4,53,994
63,52,994
62.7,53,995
61.8,56,994
60.6,60,994
59.7,61,994
60.6,59,994
61.5,58,994
60.2,63,995
60.8,66,996
63.9,57,996
66.9,54,996
69.4,50,996
71.2,37,996
72,40,996
73.1,34,996
74.1,35,995
75.3,35,995
76,29,994
76.7,31,994
76.3,31,994
74.2,39,995
66.3,59,996
62.3,61,996
59.8,68,997
58.5,63,997
57.4,70,997
57.2,63,997
58.1,64,997
56.3,71,996
55.3,75.5,996.5
54.3,80,997
54.6,67,998
56.9,64,999
64.1,51,998
70.1,41,999
74.7,32,999
77.4,31,998
79.3,30,997
81.1,26,996
82.5,25,995
83.8,25,995
84.3,26,994
84.6,25,994
83.8,25,994
81.3,29,994
77.1,32,995
76,33,996
75.1,33,996
75,31,996
74.8,33,996
71.8,40,996
69.6,45,995
68.1,45,995
66.9,48,995
65.7,50,995
64.4,54,996
65.3,56,997
69.3,57,998
72.7,42,998
76.6,48,998
81.2,38,998
84.5,32,997
86.4,30,997
88,25,996
88.8,27,995
89.5,26,994
89.7,22,994
88.4,24,994
84.7,29,994
81.9,30,994
80.2,33,994
79,36,994
76.7,44,994
74.8,49,995
73.1,52,995
71.3,57,995
69.4,60,995
67.8,61,995
66.6,63,995
65.7,65,995
65.4,68,995
67.9,64,996
70.1,61,996
72.6,55,996
76.1,52,996
79.6,48,995
82.6,39,995
84.7,35,994
86.4,32,993
86.7,35,993
86.3,36,993
85.6,37,993
82.1,47,993
76.3,59,994
73.9,60,995
73.5,61,996
71.8,65,996
70.8,69,996
69,73,996
67.4,76,996
66.3,80,996
64.3,86,996
63,86,997
63.3,84,998
64.1,82,999
66.4,76,999
68.2,80,1000
67.1,80,1000
64,85,1000
63.4,84,1000
65.5,74,1000
67,71,1000
66.3,66,1000
64.7,66,1000
62.7,74,1001
60.1,74,1001
58.7,78,1002
57.6,80,1002
56.8,83,1002
56.2,76,1002
55.9,80,1002
55.6,82,1002
55.1,86,1001
54.6,80,1001
54.8,82,1001
54.1,82,1001
53.5,86,1001
53.1,86,1002
53.2,87,1002
53.7,86,1002
54,84,1003
53.7,87,1003
53,92,1003
52.5,94,1003
52.975,96,1003
53.45,94,1002
53.925,88,1002
54.4,92,1002
54.2,91,1002
53.8,95,1001
54.4,96,1001
54.8,96,1001
55.3,96,1002
55.5,95,1002
55.7,95,1002
55.6,96,1001
55.5,95,1001
55.5,92,1001
55.4,85,1001
54.9,89,1000
54.6,85,1000
54.4,85,1000
54.5,77,1001
55,79,1001
55.7,78,1001
57.7,69,1001
58.9,74,1001
59.8,72,1001
61,71,1000
63.8,70,999
64.9,72,999
64.1,86,999
62.3,90,998
61.2,93,998
60.5,95,998
60,96,998
59.7,96,999
59.4,96,998
59.1,97,998
59.5,96,998
59.4,94,998
59.2,95,997
59,95,998
58.8,92,998
58.3,90,999
57.6,84,1000
56.3,71,1001
56,44,1002
56.9,37,1002
58.8,32,1003
60.2,34,1003
61.1,34,1004
62.5,31,1004
63.6,28,1004
64.1,30,1004
64.1,31,1004
62.9,29,1005
61.3,28,1005
58.3,30,1006
55.5,38,1007
53.6,47,1007
52.1,55,1007
50.2,60,1007
48.3,66,1007
46.4,68,1007
45.1,74,1006
44.3,75,1006
43.4,81,1006
42.7,80,1006
42.9,80,1006
45.1,66,1007
49,58,1007
53.5,45,1006
57.6,36,1006
59.8,37,1006
61.8,36,1005
63.8,31,1004
65.8,26,1004
66.8,26,1003
67.5,26,1002
67,27,1003
65.6,30,1003
62.5,34,1003
59.5,40,1003
57.1,45,1004
55.2,50,1003
53.6,49,1003
52.7,45,1003
51.7,46,1002
50.8,51,1001
49.7,53,1001
49.8,60,1001
49.7,62,1000
50.2,67,1000
51.5,69,1001
54.5,75,1002
55.2,78,1002
56.3,80,1001
59.6,77,1001
62.1,75,1000
62.9,79,1000
64.3,74,1000
65.9,72,999
66.9,77,999
66.1,80,999
65.4,81,999
63.2,94,999
62.2,95,999
62,96,1000
61.9,96,999
61.8,95,999
61.9,95,999
61.8,97,998
62,97,998
62.2,97,997
62.3,97,997
62.4,97,997.5
62.5,97,998
63.1,97,998
64,96,999
67.1,83,999
69.5,82,998
71.5,77,998
71.7,77,998
73.6,71,998
76,61,997
75.6,88,996
68.8,90,996
66.5,93,996
66.1,95,997
66.8,95,997
66.1,96,997
65.2,96,997
65.7,96,996
65.3,96,996
65.8,96,996
65.3,97,996
65,97,995
64.7,97,996
64.5,97,996
64.1,97,996
63.8,97,997
64,97,997
65.7,96,997
70.1,79,997
73.1,66,997
74.7,63,996
76.4,63,996
76.6,66,995
77.4,63,995
78.5,57,995
79.9,56,994
79.4,57,994
80.2,55,993
77,67,993
71.8,80,993
70.3,79,994
69.2,81,994
67.6,85,994
66.3,89,994
65.2,90,994
65.8,90,994
65.6,90,994
64.7,93,994
63.2,95,994
63.1,92,994
66.4,82,995
70.3,73,995
73.3,69,995
75.6,63,995
78.6,50,994
80.8,53,994
81.7,50,993
83.3,44,993
84.2,42,993
85.3,45,992
84.7,45,992
83.3,48,992
78.6,61,992
75,70,993
71.3,79,994
71.7,68,994
73.5,74,994
72,76,994
70.8,79,994
69.5,81,993
68.7,81,993
68.6,81,993
68.3,84,994
67.2,86,995
68.2,89,995
66.9,95,995
66.5,95,995
67.8,92,995
71.5,81,995
76.2,69,995
79.2,65,994
78.6,80,994
71.2,94,993
70.4,95,993
68.9,95,994
66.3,96,993
66.7,96,993
66.3,97,994
65.9,97,994
65.8,97,994
65.8,97,994
65.3,97,994
65.1,97,993
65.1,97,993
64.9,97,993
64.6,97,993
64.7,97,994
64.8,97,995
65.3,95,996
65.1,89,997
64.1,89,998
64.9,81,999
67.5,75,999
68.6,70,999
68.2,74,1000
68.6,66,1000
69,67,1000
68.5,64,1000
69.2,57,1001
68.8,54,1001
66.1,53,1001
61.5,65,1002
57.2,77,1003
54.6,86,1003
54.7,88,1004
52.2,92,1004
50.8,96,1004
49.3,96,1004
47.9,97,1004
47.3,97,1004
46.6,98,1005
45.8,98,1005
48.9,98,1007
57.1,71,1007
61.2,61,1008
64.8,40,1007
67.1,36,1007
68.1,36,1007
69.2,37,1007
70.7,28,1006
71.9,27,1006
72.9,28,1005
72.9,30,1005
71.7,35,1005
69.5,39,1005
64.1,54,1005
61.1,46,1005
60.1,53,1005
58.6,53,1005
60,67,1005
58.7,75,1005
57.9,79,1005
57.5,79,1005
56.8,82,1004
56.9,84,1004
56.8,86,1005
59.1,78,1006
63.4,67,1006
66.2,56,1005
68.8,52,1005
71.4,48,1004
73.6,48,1003
75.5,42,1002
76.9,40,1001
78.5,40,1000
79.4,40,1000
79.5,40,999
78.8,39,999
76.8,44,998
73.3,47,998
71.8,47,998
69.9,50,999
67.3,67,999
65.3,72,999
64.4,75,999
63.5,79,999
63,79,998
62.6,79,998
62.3,79,997
62.2,79,998
64,74,997
66.5,65,997
69.5,60,997
72.2,54,996
74.8,58,996
76.9,50,995
78.8,45,994
80,44,993
80.7,45,992
80.6,45,992
80.2,46,991
79.2,49,991
78.1,50,992
76.7,55,992
75.8,60,993
72,84,994
65.8,86,994
65,81,995
64.3,76,994
63.5,84,995
61.8,86,995
62.2,77,995
62.3,73,995
60.9,67,996
59.7,65,997
60.3,60,997
62.2,63,997
62.6,62,997
62.1,70,997
63.2,78,997
65.8,76,997
66.4,76,997
65.2,79,997
65.8,77,996
65.7,74,996
66.9,73,996
64.5,78,997
63,79,997
61.6,87,997
59.3,88,997
58.4,93,997
56.8,92,997
57.6,91,996
56.3,89,997
56.8,86,997
55.8,84,997
54.3,85,997
53.7,86,997
54.8,86,997
55.7,81,998
58.6,75,998
60.8,74,998
63.4,60,998
64.6,62,998
65.6,52,998
66.9,59,997
67.1,58,997
66.1,62,998
64.2,63,998
62.3,65,999
60.4,66,999
57.6,73,1000
55,77,1001
53.1,84,1001
50.7,88,1001
49.1,91,1001
47.8,94,1001
45.6,97,1001
45.6,97,1001
45.4,95,1001
45.1,95,1001
44.6,94,1001
48.3,80,1002
53.2,65,1002
58.2,59,1002
62.3,44,1002
64.4,48,1002
66.4,36,1002
67,40,1001
68.5,34,1000
70,31,1000
70.5,27,999
70.7,29,999
70.2,30,999
68,38,999
62.1,47,999
59,48,999
56.8,53,999
56.4,59,999
55.1,61,999
53.3,66,999
54,59,998
53.6,62,998
54.5,62,999
54.3,61,999
53.1,57,999
57.6,55,1000
62.6,44,1000
66.1,40,1000
70.1,41,1000
72.6,32,1000
74.9,30,999
77.1,28,998
78.7,23,998
80,23,997
80.7,21,996
80.7,20,996
80.4,24,996
78.1,29,996
71.6,39,996
69.6,34,997
69.3,35,997
67.9,38,997
64.8,48,997
63.4,57,997
62.2,57,997
61.5,48,997
63.2,48,998
59.5,59,998
59.1,65,999
62,55,1000
67.5,46,1000
71.6,47,1000
76.4,47,1000
80.3,41,1000
82,41,1000
82.9,36,999
84.4,32,999
84.9,34,999
85.3,31,999
84.7,38,999
84.5,49,999
80.6,52,999
74.7,62,1000
72.1,60,1000
73.2,67,1001
70.5,69,1002
68.6,71,1002
66.5,76,1002
64.9,77,1002
63.5,78,1003
62.1,81,1003
61.8,79,1003
62,73,1004
62.4,70,1004
64.3,66,1005
66.8,67,1005
68.3,64,1006
71.7,61,1006
73.9,63,1006
75.4,56,1005
77.3,57,1005
77.2,53,1005
79,49,1004
78.9,50,1004
77.5,54,1004
75.5,56,1005
72.5,60,1005
71.2,55,1006
69.2,54,1007
66.8,56,1007
64.4,61,1007
62.4,68,1007
59.8,75,1007
58.1,80,1007
57,85,1008
56.1,88,1008
56.3,88,1009
59.8,77,1009
64.8,70,1010
68.5,62,1010
71.6,56,1010
74.1,52,1010
75.6,47,1010
77.1,40,1009
78.5,32,1009
78.8,32,1008
79.3,36,1008
78.7,37,1008
77.6,40,1008
75.5,40,1008
72,49,1009
68.8,51,1009
68.4,57,1010
66.5,63,1010
64.2,68,1010
62.2,72,1010
60.7,77,1010
58.9,82,1010
56.5,92,1010
54.1,93,1011
55.2,88,1012
60,75,1012
64.8,63,1013
68.7,55,1012
71.2,51,1012
73.3,45,1011
75.2,39,1011
76.5,43,1010
77.8,37,1010
79,33,1009
79.4,35,1008
79.3,36,1008
78.6,38,1008
75.9,44,1008
71.4,55,1008
68,59,1008
67.1,61,1009
66.9,68,1009
65.4,70,1008
63.3,75,1008
61,84,1008
59.4,84,1008
57.9,90,1008
57.2,92,1008
57.5,89,1008
63.2,75,1009
67.3,65,1009
70.4,54,1009
72.9,52,1008
74.9,46,1007
76.9,46,1007
79,42,1006
80.5,44,1005
81.7,39,1005
83.1,36,1004
83.4,37,1004
83.4,34,1004
80.2,45,1004
74.9,56,1004
71.1,62,1004
71.6,58,1005
70.5,65,1005
68.2,69,1004
66.5,71,1004
65.3,76,1004
64.4,80,1004
63.4,84,1004
62.8,86,1004
63.2,83,1004
65.4,77,1005
68.5,71,1005
72.4,61,1005
76.1,55,1004
79.6,46,1004
82.7,41,1003
84.3,37,1003
85.3,41,1002
86.4,38,1002
86.2,39,1001
85.7,36,1001
85,39,1001
82.6,43,1001
78.1,52,1002
76,51,1002
75.2,53,1003
73.1,65,1003
70.9,67,1003
69.1,66,1003
67.7,69,1003
66.1,74,1003
65,77,1003
64.1,81,1003
63.6,81,1004
65.8,74,1004
70,63,1004
74.4,54,1004
77.8,49,1004
80.7,46,1004
83.2,42,1004
84.1,40,1003
85.4,34,1003
86.3,34,1002
87,33,1001
84.9,36,1001
82.9,39,1001
82.2,40,1002
79.1,47,1002
76.3,50,1003
74.4,56,1003
72.9,60,1003
71,64,1003
69.1,69,1003
67.7,75,1003
66.3,79,1003
65.1,83,1004
64.4,84,1004
64.3,84,1005
66.5,77,1005
69.2,71,1005
72.7,62,1005
75.5,53,1005
78.5,49,1005
81.4,44,1004
83.5,42,1003
85.2,31,1003
86.3,32,1003
86.8,28,1002
86.3,32,1002
84.7,37,1002
81.8,41,1002
79,47,1002
76.5,53,1003
74.5,58,1003
73.2,62,1003
72,60,1003
69.4,72,1003
68.6,73,1003
68,75,1003
67.8,78,1003
66.4,82,1003
65.3,84,1004
68,73,1004
72.6,64,1004
76.8,55,1005
80,46,1004
82.9,43,1004
85,37,1004
86.8,37,1003
88.3,34,1003
89.6,32,1002
89.8,33,1001
86.6,43,1001
84.2,48,1001
82.8,50,1002
78.9,61,1002
75.1,74,1002
72.7,71,1003
73.9,73,1003
73,77,1003
71.5,80,1003
69.9,83,1002
68.5,82,1002
67.4,84,1002
66.1,89,1003
65.6,89,1003
67,83,1004
70.9,66,1004
74.5,51,1004
78.1,46,1004
80.7,42,1004
83.4,37,1004
85.1,34,1003
86.3,32,1002
87.2,31,1002
87.8,32,1001
87.4,32,1001
85.7,33,1001
83.2,37,1001
79.8,44,1001
76.4,50,1002
75.4,60,1003
73.7,68,1003
72.2,71,1002
70.6,74,1002
68.8,74,1002
67.2,71,1002
65.4,75,1002
63.6,78,1002
64,71,1003
66.5,71,1003
71,58,1003
75,55,1003
78.2,46,1003
80.3,47,1002
82.6,43,1002
84.3,43,1001
85.6,41,1001
86.6,37,1000
86.7,34,999
86.5,36,999
85.3,39,999
82.7,44,999
79.6,49,1000
77,58,1001
73.9,63,1002
71.4,62,1002
69.5,67,1001
67.8,71,1001
66.2,79,1001
64.3,81,1001
63.6,84,1001
63.2,84,1001
63.8,82,1001
66.9,73,1001
71.1,63,1001
74.6,57,1001
77.4,52,1001
79.5,48,1000
81.7,46,1000
83,40,999
84.6,39,999
85.6,36,998
86.2,33,998
86.4,32,997
85.4,33,997
82.2,35,997
78.4,40,997
76.6,50,998
74.9,57,999
73.1,60,999
71.3,66,998
69.4,70,998
67.8,75,997
67.3,77,998
67,79,997
65.8,84,998
64.8,84,998
67.7,76,998
71,70,998
73.7,60,998
76.3,59,997
78.4,51,997
78.7,49,997
78.6,50,996
78.2,49,995
77.9,48,995
77,52,994
75.7,58,993
74.1,69,993
71.6,78,993
69.4,83,992
68.1,89,992
68,93,992
67.2,93,991
66.1,95,990
65.4,95,988
65.2,95,986
64.7,96,985
64.5,96,983
64.7,96,983
65.4,96,982
65.7,96,981
66.4,96,980
67.3,96,980
69.5,96,980
72.8,87,979
72.8,94,978
74.5,85,978
76,82,977
73.9,90,977
71.8,93,977
70.9,93,977
68.8,93,978
68.1,93,978
67.2,90,979
66.9,89,980
66.3,91,981
66.9,84,981
67.3,80,981
66.4,79,981
65.3,81,981
64.2,81,981
63.6,84,982
63.6,83,982
64,81,983
66.9,76,984
70.2,69,985
75.2,60,984
80,49,984
82.8,46,984
84.2,46,984
85.6,40,983
86.1,42,983
86.9,37,982
87.5,40,982
87.7,39,982
86.3,45,981
84.9,44,982
82.4,48,983
78.8,59,983
76.6,64,983
75.3,72,984
73.3,73,984
72.6,72,984
71.9,77,985
69.9,81,985
68.9,82,985
67.9,83,985
68.1,80,986
70.7,69,987
74.3,60,987
77,55,988
79.3,49,988
81.4,41,988
83.4,38,987
84.4,37,987
85.5,35,987
85.1,36,986
85.4,35,986
84.7,38,986
83.2,47,987
79.9,54,987
77,58,987
76.9,56,988
77.1,55,988
76.6,62,989
72.9,80,991
64.5,92,990
63.2,94,989
62.7,95,989
61.4,96,990
61.3,96,991
61.3,95,992
62.9,89,993
66.3,79,994
69.7,67,995
72.9,55,995
75.5,50,995
77.2,36,995
79,32,995
80.2,38,995
81,34,994
81.6,32,995
81.7,31,995
81.4,33,995
79.4,45,995
73.1,59,995
69.4,65,996
68,68,997
67.2,69,998
67.6,61,998
68,63,998
67.55,67,998
67.1,71,998
64,78,997
64.9,71,998
66.2,74,998
69,78,998
71.9,78,999
75.8,69,999
80,61,999
82.8,53,999
85.6,52,999
87.6,45,998
88.6,36,998
89.7,38,997
89.7,34,997
90.1,34,997
89.2,41,997
86.8,47,997
83,53,997
81.5,66,998
80.1,71,998
78.3,76,999
76.9,79,999
76,83,998
75.1,87,998
74.3,89,998
73.7,91,998
73.2,92,998
73.1,90,998
74.9,82,999
77.7,75,999
80.9,69,999
84,58,998
86.5,60,998
88.5,52,997
90,45,997
91.3,45,996
92.5,41,995
93.2,39,994
92.7,44,994
90.2,54,994
87,62,995
84.3,67,994
83.3,66,994
82.7,63,995
81.1,66,994
79.5,69,995
78.1,71,994
76.8,74,994
76.4,78,994
74.6,84,994
72,90,994
73,84,994
76,73,994
77.9,69,995
78.8,67,995
81.5,61,995
85.1,53,994
86.3,50,994
87.3,52,994
87.6,50,993
88.4,45,992
88.6,46,992
87.9,49,992
86.9,49,993
85.6,59,993
80.6,63,993
77.6,88,994
70.4,92,994
69.6,95,994
69.6,95,993
69,95,993
68.5,96,993
68.6,95,993
69,95,993
68.5,95,994
68.7,95,995
69.4,90,996
70.3,87,996
73.5,73,996
76.9,63,997
79.1,58,996
81.1,54,996
83,45,996
82.9,48,996
83.2,39,995
84.5,39,995
84.1,45,995
81.7,52,995
79.2,56,996
75.2,71,996
73.8,67,997
73.3,72,997
71.4,71,997
69.6,73,998
68,74,998
66.8,76,998
65.5,79,998
64.7,81,998
64.1,86,998
63.3,82,998
64.8,83,999
67.8,71,999
70.1,70,999
72.1,64,999
73.7,62,1000
75.9,60,999
77.9,59,999
79.6,58,998
79.8,56,997
78.9,59,997
77.5,67,997
72.7,83,997
72.6,84,997
70.6,92,997
68.5,94,997
69.3,82,998
67.3,94,998
65.8,95,998
64.9,96,998
63.6,96,997
63.4,97,997
62.6,96,997
61.7,97,997
61.6,97,998
65.1,94,998
69.6,77,998
73.6,72,998
75.9,60,998
79.1,54,998
80.4,52,997
82.2,43,997
83.4,40,997
83.7,43,996
80.8,56,996
78,61,996
74.5,72,996
74.2,67,996
72,87,996
68.8,91,996
67.5,88,996
66,94,996
65.4,95,996
65.3,91,996
64.3,93,996
63.7,89,995
63.8,93,995
63.1,94,996
63.9,93,996
65.4,95,997
66.9,92,997
69.2,82,997
72.1,75,997
75.3,66,997
72.2,86,997
68,93,996
66.6,94,996
65.8,95,995
65.5,95,995
68.8,88,995
69.8,89,995
69.6,94,995
68.2,96,996
67.4,96,996
66.7,96,996
65.5,97,996
65,97,996
64.2,97,996
63.3,96,996
62.2,93,996
61.7,94,996
61.2,95,997
61.3,94,997
62.2,91,998
62.1,89,998
62,88,998
62.2,85,999
62.1,84,999
63.2,79,999
64,73,998
67.2,73,998
67.6,66,997
66.9,77,997
67.4,69,997
66.7,75,997
65,74,997
64,80,998
63,85,998
61.6,91,998
60.6,93,998
59.6,89,999
60.6,84,998
60.2,86,998
59.2,83,998
59,80,998
58.9,83,999
59.2,83,999
60,79,999
62.1,68,1000
62.8,71,1000
63.8,72,1000
65.5,69,1000
68.4,63,1000
69.6,56,999
71.4,55,999
72,54,998
70.6,61,998
70.5,65,998
68.7,75,998
67.7,76,998
65.8,79,998
64,85,998
62.6,84,999
61.9,86,999
61.4,87,999
60.9,87,998
60.7,89,998
60.5,94,998
59.9,94,998
58.3,95,998
57.7,96,998
61.4,81,999
67,78,999
69.6,76,999
72.2,68,999
72.5,69,999
74.5,67,999
75.5,63,999
77,58,998
78.4,59,997
79,58,997
79.6,57,997
79.1,62,996
78.1,67,997
73.8,77,997
71,83,997
70.3,87,998
70.2,88,998
69.9,86,998
70.8,86,998
70.1,86,998
68.3,91,997
67.4,91,997
66.5,94,997
65.7,95,998
68.6,87,998
71.8,80,999
74.5,71,999
77.7,60,999
80.7,52,999
82.7,42,998
83.3,45,998
84.9,33,998
86,32,997
86.8,33,997
86.3,37,997
86.1,39,997
83.9,51,997
76.9,66,997
73,70,998
70.8,75,998
69.2,79,998
67.5,77,998
65.8,89,998
64.4,86,998
63.3,91,998
64,85,998
64.3,89,998
65.3,86,998
68.5,69,999
76.1,59,999
80.6,48,999
84.6,40,999
87.2,40,999
89.2,35,999
91.1,30,998
92.7,33,998
92.8,29,998
93.4,39,998
89.3,53,997
90,43,997
87.9,46,997
83.9,53,997
80.3,57,998
80.8,52,998
81.2,55,999
79.7,61,998
77.5,64,998
76.2,68,998
74.3,78,998
71.3,81,998
72.1,80,998
71.7,81,998
74.9,73,998
79.8,66,999
83.3,58,998
86.5,53,999
88.8,42,998
90.5,38,998
91.9,33,997
92.6,30,996
93.3,32,996
90.2,42,995
87.2,52,995
84.3,55,995
86.2,59,995
82.7,63,995
81.9,62,996
74.7,95,996
71.3,92,996
72.5,91,995
71.6,94,995
70.6,95,994
70.1,94,994
69.7,96,994
69.2,96,994
69.8,96,994
72.1,92,996
73.4,88,996
73.4,87,996
72.7,92,997
71.5,92,997
72.2,91,997
73.2,88,996
74.5,76,996
76.9,66,996
79.4,64,996
80.7,56,996
80.7,54,996
78.9,66,997
73.1,79,997
69.4,84,997
68.3,86,998
67.5,93,998
65,96,998
64,96,998
63.6,96,998
63.6,97,998
63.7,96,998
62.7,97,999
62.6,97,999
66.5,83,1000
72.6,58,1000
75.8,48,1000
77.6,44,1000
79.2,44,1000
80.4,44,999
81,37,999
82.3,37,999
83.9,35,998
84.7,33,997
85.1,36,997
84.4,34,997
82.8,43,997
76.6,60,997
70.8,74,997
68.9,68,997
69,65,996
67.4,72,996
67,77,996
66.7,65,996
68,76,996
65.6,80,996
64.7,78,996
66,74,996
69.4,67,996
73.4,60,996
77.6,50,996
80.9,42,996
83.6,44,995
86.1,34,995
87.3,34,994
88,33,994
88,39,993
88.1,34,993
84.1,54,994
74.7,73,993
73.3,71,993
72.2,80,993
70.9,81,993
71,80,994
70,84,994
69.7,87,994
70.2,84,994
68.8,90,994
68.2,93,994
67.8,93,994
67.3,95,994
67.5,91,995
68.5,89,996
68.7,74,996
68.6,68,997
70.5,57,997
74.7,49,996
77.4,42,996
79.7,38,995
81.2,38,995
82.8,37,995
83.4,37,994
83.8,38,994
83.5,44,994
81.7,53,994
75.9,65,995
73.1,74,995
70.8,73,996
69.5,78,996
69,78,996
67.7,81,996
66.8,84,996
66.8,86,996
66.8,84,997
68.1,86,997
68.7,89,998
70.4,91,998
73,81,999
77.1,72,1000
80.5,59,999
83.3,52,1000
84.2,48,1000
85.9,45,999
86.6,42,999
87,46,999
87.1,49,999
86.1,47,999
86.2,49,999
84.2,54,999
80.9,64,1000
78.2,66,1001
76.1,72,1002
74.9,76,1003
73.9,81,1003
70.8,84,1003
71.2,82,1002
72.4,83,1003
72.3,86,1003
71.1,88,1003
69.5,94,1003
70.9,84,1004
75.2,72,1004
77.6,70,1005
79.7,63,1005
82.1,55,1005
84.6,49,1005
86.7,44,1004
87.9,45,1004
89.3,45,1003
90.1,49,1002
89.3,52,1003
87.9,47,1003
84.2,63,1003
81.1,64,1004
79.6,70,1004
78.3,73,1005
77.6,75,1005
77.3,77,1006
75.8,76,1006
75,78,1005
73.7,81,1005
71.4,87,1005
71.2,87,1006
70,87,1006
72.5,85,1007
75.9,68,1007
81.1,56,1007
83.5,51,1007
85.9,46,1007
87.9,46,1006
89.3,39,1006
91.1,39,1005
92.3,34,1004
93.1,33,1004
91.9,50,1004
85.5,62,1004
77.6,84,1004
74.8,82,1004
75.8,80,1004
76.1,75,1005
76,72,1005
75.3,73,1005
74.5,80,1004
73.5,84,1004
72.9,86,1004
72.5,87,1003
72.3,89,1003
72.4,87,1003
74.1,83,1004
76.9,76,1004
79.7,68,1004
82.9,62,1004
85.6,57,1004
87.1,53,1003
88.7,49,1003
88.8,46,1002
87.8,58,1002
85,55,1001
86.3,48,1001
85.6,56,1001
82.8,62,1000
81.1,66,1001
79.6,66,1001
78.5,73,1001
77.7,74,1001
77.1,74,1001
76.2,77,1001
75.5,80,1001
74.6,83,1000
73.8,85,1000
73.3,87,1000
73.2,85,1000
74.8,77,1000
77.4,71,1000
79.7,69,1000
82.5,62,1000
85.5,57,1000
87.5,53,1000
89.3,46,999
91,47,998
90.7,49,997
86.6,60,997
82.4,63,997
83.3,62,997
82.8,67,997
82,68,997
81.5,68,998
80.7,69,999
79.9,73,999
78.7,73,999
78.3,74,998
77.8,76,998
77,80,998
75.7,83,998
75,84,998
74.5,85,998
75.1,81,998
77.9,76,999
79.9,69,999
82.7,64,999
85.5,58,998
87.2,55,998
89,51,997
88.1,60,996
79,72,996
79.8,73,996
77.7,73,996
77.9,81,997
73.9,93,997
72.9,94,997
72.8,93,998
72.5,93,998
71.5,94,998
71.3,94,998
71.5,93,998
71.7,93,996
71.4,93,996
71.2,94,996
71.4,94,996
71.5,93,997
72,92,997
73.3,87,997
75.8,78,997
78.8,71,997
81.6,61,997
83,57,997
84.6,57,996
85.6,59,996
85.7,59,995
86.2,53,995
86.6,54,995
83.8,69,995
78.9,71,995
76.9,75,995
75.8,78,996
75.3,83,996
74.5,84,996
72.1,91,996
71.4,88,996