26.951,24.964,65.053,41.463,68.95,1712.7
13.391,16.704,37.671,59.461,60.345,1314.8
7.4937,18.612,46.987,37.383,72.956,1299.1
-9.4108,30.183,45.615,69.434,64.207,1460.4
19.891,49.3,38.204,61.514,60.616,1530.4
1.2708,17.387,61.473,59.529,57.962,1356.2
0.80184,17.404,60.945,55.034,62.924,1370.4
15.793,7.656,58.428,51.126,65.954,1440.1
14.015,5.8243,52.872,71.011,75.869,1593.3
19.054,7.0221,47.269,54.716,71.599,1497.5
17.75,4.61,45.393,53.029,95.211,1664.5
15.42,9.5893,33.729,52.9,61.157,1262.3
6.1392,14.173,53.071,55.106,64.85,1348.8
15.598,2.6478,47.594,54.333,65.448,1373.4
20.136,4.3557,52.688,30.233,46.731,1158.4
-1.3341,29.89,39.592,54.236,78.06,1418.2
16.902,19.682,43.829,69.888,63.659,1503.3
11.701,35.561,24.435,47.041,78.633,1367.2
17.703,23.704,45.64,71.84,66.527,1577.3
6.5272,18.4,51.524,40.372,73.092,1339
8.0115,15.412,73.013,48.555,50.964,1313.1
14.337,10.611,37.262,58.492,69.345,1382.2
24.347,52.811,57.22,51.443,70.099,1765.7
-2.0049,31.552,43.301,57.551,67.466,1369.3
6.4487,10.899,40.393,58.175,71.026,1341.8
9.5487,0.31358,62.286,56.105,84.013,1566.8
8.4629,43.237,29.203,49.756,76.249,1384.8
20.51,14.296,54.374,40.881,72.815,1512.4
2.2407,37.104,53.529,49.866,79.141,1506.7
11.523,27.328,56.114,44.577,66.428,1398.7
-4.6235,15.19,48.791,31.863,79.672,1311.1
22.163,8.4587,44.845,59.657,86.793,1715.6
7.6576,11.063,59.756,60.939,68.139,1454.6
27.644,13.114,46.668,52.395,47.517,1455.5
12.545,15.892,30.415,46.013,73.803,1299.9
-6.4129,9.6498,52.62,72.118,53.321,1333.6
5.3104,25.46,39.447,54.368,67.637,1320.3
4.3011,17.058,54.721,54.313,65.301,1358.1
1.8167,4.9602,34.521,49.452,74.283,1247.5
28.025,7.8183,45.785,38.688,72.59,1588.9
-10.629,15.454,51.145,62.078,70.699,1472.4
35.328,30.731,41.95,52.967,59.516,1812.1
9.9047,18.599,53.229,55.806,77.329,1509.6
14.928,30.603,52.371,50.084,76.549,1554.5
4.3444,10.535,39.448,44.836,74.241,1271.5
0.96982,28.833,62.788,63.644,53.588,1384.3
3.9224,25.374,62.969,46.676,63.818,1369.6
19.123,25.964,53.095,48.68,74.463,1580.2
2.5306,20.175,60.021,39.368,67.72,1322.6
16.728,32.127,46.295,49.746,58.016,1376
-7.1147,30.039,56.003,58.688,55.776,1359.6
6.3493,16.927,60.093,60.633,75.568,1533
16.276,20.239,40.624,68.448,59.578,1430.3
16.062,16.031,57.969,52.612,54.743,1373
13.668,13.637,33.797,50.811,69.572,1317
14.83,29.705,56.272,48.361,73.175,1531.5
1.5398,17.895,49.714,62.754,61.434,1341
10.84,23.775,61.478,39.835,68.007,1397.4
-0.32076,16.153,61.809,52.772,87.297,1581.8
3.2506,14.945,51.087,60.353,77.665,1478.1
-10.68,20.356,43.192,53.509,58.383,1274.3
11.821,36.996,47.984,66.921,53.549,1404.4
1.7849,28.175,45.983,33.685,81.205,1352
6.0619,23.457,47.043,51.159,75,1410.4
1.9249,12.59,63.077,50.534,62.089,1333.7
17.332,31.659,57.167,52.04,83.938,1700.8
-2.8465,11.556,65.846,48.391,52.005,1242.6
10.952,31.824,34.329,56.4,72.482,1408
16.32,23.024,38.112,67.396,63.912,1458.1
6.4386,18.431,52.397,37.683,73.414,1329.9
-0.47528,8.1915,48.303,43.691,70.143,1263.2
5.6879,24.528,37.321,54.317,71.687,1343.7
-7.1926,32.701,53.794,63.511,62.846,1450.5
6.9837,7.7885,25.132,53.89,67.57,1187.1
13.833,19.97,48.814,46.586,54.397,1260.8
7.2383,19.865,57.831,45.295,87.642,1549.7
29.303,7.5685,44.38,46.866,80.238,1734
10.646,27.831,36.62,78.091,88.294,1687.1
11.704,18.866,47.506,32.058,63.212,1216.1
13.691,20.355,62.555,39.924,76.852,1506.4
18.158,33.532,49.997,54.135,76.597,1622.9
15.226,19.16,55.185,49.862,50.068,1294.4
2.2367,28.739,53.334,52.11,72.177,1429.5
7.9104,15.865,52.058,62.527,68.481,1438.9
5.5605,20.328,49.198,58.712,64.01,1356.7
7.8866,28.702,46.841,67.143,86.533,1642.7
12.173,25.314,49.329,64.244,63.747,1457.3
7.9999,21.835,49.58,64.687,60.131,1379.9
17.314,27.142,54.171,34.194,66.633,1398.3
-3.5955,25.132,55.916,42.439,69.411,1351.4
26.461,32.574,40.25,59.767,61.941,1628
-0.87661,29.456,58.304,55.389,87.645,1622
12.33,18.298,43.747,30.843,52.343,1091.2
9.4449,25.303,35.976,53.4,65.296,1299
11.856,22.147,56.422,46.088,83.192,1551.8
19.63,20.386,54.339,45.894,74.154,1558.8
25.002,26.23,53.525,75.824,84.725,1963
10.711,-2.7846,50.692,56.38,49.312,1181.7
9.5249,22.918,33.328,48.867,60.575,1205
10.805,25.623,64.077,55.902,78.685,1616.6
18.73,28.388,71.148,67.998,71.554,1780.9
27.162,15.578,61.1,55.743,62.103,1691.5
6.914,14.985,34.161,47.627,78.801,1326.4
4.1712,24.781,46.687,42.617,71.076,1314.4
11.843,25.58,43.059,63.283,81.973,1579.5
4.9472,30.741,46.699,63.928,90.925,1651.7
9.1318,22.234,42.415,52.018,73.123,1388.3
18.526,13.128,44.967,65.531,57.769,1434
11.434,15.592,46.1,45.788,73.238,1372.8
-2.0389,10.436,52.847,41.995,72.441,1309.2
24.042,3.4805,54.479,60.592,46.406,1429.5
13.139,6.4495,40.205,59.39,77.026,1448.3
13.85,22.2,45.829,31.283,67.868,1279
6.9377,31.555,54.517,45.461,54.01,1255.7
25.51,20.062,52.868,61.876,72.971,1756.4
2.241,36.862,53.349,39.901,50.147,1175.7
17.804,28.098,59.982,51.736,51.27,1411
30.293,17.658,49,48.483,65.136,1689.6
13.951,30.223,54.017,59.532,57.523,1434.1
17.577,17.29,36.328,54.383,81.764,1532.2
17.623,19.76,56.892,57.418,79.056,1655.6
-2.4962,21.619,56.244,59.029,86.515,1600.4
6.407,26.326,43.329,70.41,85.725,1618.1
-1.925,24.114,60.953,73.589,75.283,1622
6.5683,17.416,37.409,62.515,54.459,1219.5
-4.0993,24.216,60.758,48.365,79.294,1506.7
9.9075,13.147,44.195,35.561,56.448,1121.2
-4.0335,15.466,54.564,36.577,72.804,1309.8
9.1452,38.151,58.497,54.83,84.073,1650.6
12.694,23.259,52.955,41.149,57.501,1276.6
6.2938,16.797,55.961,73.854,72.294,1560.2
18.015,24.219,52.858,42.138,66.514,1441
5.3718,20.131,50.207,49.593,64.807,1311.6
20.574,13.325,66.31,67.605,61.97,1647.6
18.482,5.6955,49.699,55.712,71.308,1501.7
25.66,36.617,55.392,37.325,87.401,1805.6
18.178,24.99,41.425,54.37,67.843,1467.3
29.206,24.096,43.747,57.027,71.599,1762.5
24.857,7.1086,52.529,70.567,55.03,1588.6
4.9774,9.5727,27.424,47.295,47.458,969.01
10.541,19.305,39.596,55.231,85.825,1512
-13.883,12.372,49.927,39.764,62.473,1276.4
16.803,29.06,41.411,53.031,79.864,1560.6
7.9034,11.812,54.213,43.943,61.285,1256.9
14.409,32.459,49.245,48.474,67.218,1439
20.446,22.291,62.638,44.11,73.878,1614.5
14.611,14.684,51.929,45.219,78.377,1485.1
8.9853,26.685,48.708,46.312,74.339,1413.5
-3.6371,23.666,49.842,71.221,68.299,1480.4
-4.7765,20.875,52.558,44.44,77.452,1409.4
0.49771,30.388,44.602,57.759,61.29,1316.1
7.8129,1.6628,47.786,67.917,64.594,1367
-3.8348,12.717,47.557,36.15,86.481,1382.7
5.7504,8.3023,49.619,62.389,66.901,1372.6
-3.9798,14.564,44.531,59.938,84.306,1499.3
15.227,17.05,58.607,55.232,73.43,1556.7
-6.2999,25.764,52.949,61.69,73.235,1503
11.813,19.258,42.406,41.458,43.778,1068
-1.1094,43.663,36.595,46.938,84.82,1459.6
14.649,6.9799,67.936,61.552,70.502,1585.3
16.029,13.588,59.971,55.375,72.935,1561.6
8.9917,24.126,48.239,58.68,65.1,1394.9
8.9681,14.548,45.594,50.441,66.055,1307
11.325,23.628,57.326,62.236,67.929,1516.3
7.5178,12.157,37.582,39.464,71.875,1227
-1.4737,12.57,50.459,50.39,85.405,1472.5
7.5568,-6.0964,48.258,49.644,62.185,1208
30.763,13.458,49.216,53.425,57.304,1649.4
-2.0375,29.088,58.608,61.205,55.731,1366.5
0.94592,33.294,41.686,70.243,69.888,1465.2
-15.406,30.507,48.146,36.809,63.407,1332
3.2399,11.191,44.059,52.462,74.028,1342.5
6.3153,1.9047,31.327,38.679,78.286,1205.3
1.2168,13.884,56.979,49.423,67.326,1342.1
6.4735,9.3206,52.554,49.179,79.637,1431.9
-5.646,35.858,53.47,35.659,67.117,1315.1
2.8521,11.519,47.205,65.057,69.375,1396.6
4.5135,39.795,60.129,63.124,79.148,1643.4
21.709,16.291,63.791,41.966,74.954,1623.1
-8.3048,52.949,58.785,55.908,61.417,1489.5
-15.609,18.077,52.677,63.495,65.076,1504.8
-7.2746,20.141,57.276,54.438,59.536,1345.7
-6.2432,48.621,56.751,57.518,70.107,1540.8
0.16323,16.993,46.646,50.466,61.493,1243
7.2372,1.9039,49.314,49.666,85.639,1452.9
17.632,9.4755,31.743,43.599,80.948,1407.2
7.6893,38.36,53.595,62.06,80.001,1619
3.3229,19.517,55.531,41.133,74.289,1367.7
7.6326,31.24,51.336,65.097,74.214,1549
7.2408,21.546,38.012,44.086,79.426,1355
10.101,19.079,38.631,48.465,74.754,1357.5
22.819,17.907,36.493,36.866,75.781,1465.2
23.501,20.682,56.72,26.815,71.881,1508.4
18.445,18.975,38.21,47.213,81.442,1514.8
14.579,9.6725,43.934,43.769,71.315,1348
7.2243,33.803,52.754,60.073,60.67,1406.5
9.238,36.053,39.542,53.28,74.152,1432.3
-1.8005,36.046,35.988,58.005,50.177,1183.3
22.366,-5.7785,58.457,58.872,48.393,1397.2
-1.6216,32.499,63.053,60.7,61.143,1449.2
-6.4071,13.555,51.294,56.253,67.106,1365.9
29.528,0.93578,65.179,43.035,51.988,1557.8
1.8101,16.068,45.604,37.587,76.199,1290.7
13.743,11.304,53.403,69.511,72.027,1565.3
2.474,16.086,45.651,49.961,72.688,1337.1
7.7631,26.193,55.294,61.497,64.921,1449.6
31.963,31.162,47.825,54.564,79.63,1942.2
-1.9438,14.947,58.893,45.956,69.425,1355.4
-2.468,16.523,31.797,37.314,61.569,1075.6
2.4848,21.887,67.64,46.293,47.863,1232.9
13.988,21.307,47.737,57.446,71.846,1488.9
5.9144,10.813,42.173,61.069,90.233,1544
3.8352,25.714,39.569,60.549,49.332,1185.7
-0.095907,11.73,36.028,53.23,82.332,1373.4
2.2126,14.144,56.426,60.721,62.102,1363.5
15.338,19.822,57.134,53,60.421,1424.4
-0.99875,16.437,51.302,45.981,83.138,1440.6
27.887,18.714,54.597,63.41,62.074,1728.2
2.9621,14.187,49.443,64.74,68.135,1404.9
-0.096544,8.3942,61.169,42.372,73.861,1365.4
-1.3191,22.229,37.665,44.726,69.488,1245
14.131,6.3562,63.293,37.645,66.418,1362.7
5.3562,31.619,64.304,54.755,75.564,1561.2
2.0054,13.055,68.502,51.703,65.047,1401.8
7.8779,15.612,53.194,65.806,70.116,1480
-10.443,36.906,58.173,43.075,85.284,1594
3.3815,13.801,45.697,61.725,63.121,1317.9
12.822,22.964,54.911,47.554,65.582,1403
6.7877,18.318,61.962,52.219,52.998,1290.5
16.309,18.767,53.556,49.536,86.305,1630.6
-14.793,23.493,42.692,60.426,76.254,1535.5
20.761,20.352,59.125,39.471,70.382,1532.5
18.492,22.66,53.91,43.691,75.809,1545.5
23.311,17.527,62.435,48.471,66.269,1611.6
19.044,24.57,42.826,48.246,72.672,1494.9
10.031,30.581,48.31,57.907,50.624,1285.9
13.035,13.304,54.318,51.2,55.329,1300.4
3.4039,12.978,48.619,66.693,77.135,1492.6
33.134,31.709,45.117,39.789,68.032,1763
3.4834,26.142,40.401,45.792,53.878,1140.7
3.178,12.467,60.262,49.662,47.005,1175.3
4.377,14.843,56.484,45.045,50.283,1165.8
18.222,14.306,33.965,57.284,62.956,1364.2
-0.78995,21.966,34.361,59.656,64.299,1269.5
14.267,23.797,59.416,56.688,58.573,1441.9
12.177,18.739,49.544,56.608,68.652,1435.9
-0.36326,19.301,56.117,72.418,56.589,1397.6
23.162,30.983,55.894,61.761,62.601,1660.7
10.81,22.608,41.84,58.821,74.386,1455
20.237,29.027,36.217,58.186,70.25,1530.3
20.445,23.497,55.991,39.72,72.244,1536.7
6.286,12.899,46.437,65.283,68.259,1401.5
12.948,19.983,37.173,52.878,64.446,1313.5
13.767,28.936,30.228,55.46,70.971,1386.3
-0.033829,15.444,52.259,32.383,67.688,1215.6
21.679,19.909,69.854,55.411,73.873,1743.2
19.415,21.775,45.036,59.313,70.645,1556
15.746,31.34,46.51,65.928,60.792,1487.1
2.8753,28.783,52.199,54.265,42.871,1168
1.8752,11.974,40.294,51.307,57.209,1157.5
6.4207,28.98,49.469,51.088,60.141,1306.5
0.064188,14.064,57.099,47.732,79.33,1442.8
-13.193,22.2,62.982,64.705,64.284,1547.4
18.813,16.147,48.273,56.554,79.351,1610.4
17.32,8.3997,48.362,75.653,77.911,1668.7
8.011,13.206,48.54,61.644,66.981,1391.4
7.6484,9.2239,31.889,67.285,70.543,1346.5
14.673,6.7208,43.138,51.24,57.312,1253.1
8.3253,22.785,43.591,53.084,89.91,1551.9
12.85,23.076,59.669,55.453,48.347,1322.2
1.8533,27.132,43.469,53.612,69.418,1349.8
13.84,25.22,40.025,68.39,76.26,1562.7
-6.5205,23.094,46.771,41.007,62.735,1234
16.119,21.471,61.238,61.84,50.225,1425.8
0.17147,3.0494,40.156,39.379,68.376,1156.1
3.3306,27.758,40.554,64.381,66.094,1374.5
3.1491,19.706,34.737,47.151,78.875,1325.2
30.465,15.438,47.842,42.582,46.913,1476
5.6676,-2.5105,40.699,47.444,66.074,1185.5
12.41,29.756,59.115,67.109,63.59,1547.6
7.316,44.815,46.626,79.998,64.956,1568.7
10.871,6.2919,52.932,46.245,59.851,1258.3
7.9211,17.416,53.902,57.477,51.492,1266.6
18.954,32.702,69.48,72.34,62.11,1728.3
14.63,12.237,47.573,60.505,80.209,1564.3
-0.97125,20.359,41.676,45.939,74.488,1316.1
-2.3343,13.211,32.977,46.707,75.678,1260.5
23.329,13.439,35.264,74.118,101.21,1921.2
11.282,18.297,47.258,52.846,63.592,1341.6
34.284,23.305,51.501,55.986,62.67,1860.9
-9.8206,20.249,52.823,65.054,62.19,1429.8
1.3912,16.359,47.527,59.443,73.273,1411.6
17.344,14.481,67.558,42.864,82.528,1638.9
6.9361,26.063,38.618,46.489,82.54,1414.3
-2.5547,18.281,52.186,55.302,76.037,1446.6
24.645,31.942,43.705,57.572,63.595,1606.5
1.573,21.567,59.579,63.186,47.946,1288.9
-10.139,20.85,48.639,45.797,62.926,1296.6
3.4097,20.984,72.04,64.138,76.715,1635.4
11.445,40.312,54.741,53.046,59.599,1419.7
11.994,24.073,66.702,52.352,70.489,1541.7
18.851,9.6864,55.626,57.961,62.496,1487.9
31.35,10.26,45.282,39.527,80.409,1758.8
12.79,21.454,66.202,57.836,71.9,1586.7
12.798,27.361,67.994,76.108,85.908,1858.5
8.9618,18.43,44.458,57.654,81.029,1495.2
18.406,8.5618,62.336,39.583,72.575,1494.8
14.14,7.889,57.626,53.473,59.177,1366.2
19.302,3.7808,60.129,36.462,61.128,1357.2
4.0384,29.681,50.729,49.507,53.919,1237.8
-1.9161,25.587,60.722,53.165,67.058,1422.1
3.2456,32.406,45.317,55.762,58.621,1294
7.934,32.12,55.24,70.196,69.086,1561.3
-11.48,27.999,53.592,61.563,52.923,1366.9
7.9863,18.975,51.21,48.632,68.53,1357.8
21.161,19.355,67.016,57.469,72.83,1718.1
-5.5588,26.004,57.838,61.013,58.793,1391.4
-12.605,22.384,64.688,53.418,64.148,1479.6
19.716,28.017,41.594,62.187,73.96,1608.7
5.6405,16.017,43.544,41.821,86.103,1408.7
5.02,13.014,48.696,60.262,69.369,1387.7
14.959,24.188,59.453,52.299,72.229,1550.8
30.503,32.262,47.894,32.293,61.163,1596.4
13.966,23.369,42.196,50.258,51.997,1234.8
8.9829,16.847,53.292,39.841,62.204,1258
-4.3308,5.732,39.668,80.645,76.04,1497.7
14.879,22.394,40.381,49.811,64.974,1349.6
-7.0523,18.229,28.728,42.014,55.02,1051.3
9.1876,13.633,50.112,54.738,70.407,1399.5
13.884,18.899,35.693,58.071,77.814,1468.2
-8.6416,10.864,46.173,53.926,74.572,1396.7
22.345,12.947,63.664,58.206,63.928,1624.2
10.33,9.9891,64.278,47.727,56.656,1311.2
15.763,10.471,46.918,36.413,80.398,1421.9
8.402,36.237,35.773,56.832,65.347,1345.1
12.424,26.38,55.17,59.272,51.605,1354.9
-1.2331,17.03,54.732,44.518,67.85,1312.9
5.0873,-4.8224,56.4,60.04,63.696,1324.6
2.7984,19.548,59.348,39.148,59.305,1238.5
-6.8239,33.924,47.746,66.994,58.838,1401.1
-1.7205,21.754,39.32,51.491,64.644,1251.3
16.697,-2.1916,56.807,59.634,64.914,1456.7
24.235,15.827,40.877,39.151,73.731,1509.7
11.227,39.059,57.47,56.976,71.862,1567.2
19.804,8.4932,69.306,65.334,43,1447.5
11.208,21.712,48.514,47.941,74.871,1432.1
7.4394,-9.7427,51.244,60.888,57.097,1236.7
8.5813,13.406,55.813,38.8,62.686,1257
11.913,22.213,29.778,50.341,63.715,1242.9
15.12,36.779,63.665,50.275,71.825,1600.3
-2.4695,35.49,34.423,53.041,80.222,1419.5
2.8675,23.49,41.9,61.951,87.002,1545.4
7.3652,26.736,46.245,52.354,47.401,1176.9
-6.7922,24.204,42.313,48.893,86.033,1476.6
10.729,5.9784,46.109,44.592,69.47,1294.1
20.798,13.903,34.973,68.598,66.383,1515.9
32.131,15.253,50.495,37.513,77.502,1787.7
14.668,2.6783,43.923,57.124,64.298,1346.2
5.5119,28.521,52.452,49.306,54.395,1253.7
3.1498,7.3991,51.618,50.562,57.297,1209.1
0.4322,20.975,61.839,56.869,63.591,1404.1
9.2247,26.124,78.259,53.575,72.515,1616.2
12.885,22.553,56.316,74.494,61.843,1544.2
-3.3105,32.499,56.638,50.872,77.227,1502
14.271,6.2564,39.29,53.126,61.877,1277.6
10.555,21.703,48.682,89.961,64.518,1593.3
7.1529,39.539,49.822,52.7,67.796,1426.1
-4.7516,39.052,36.978,53.332,81.553,1466.9
10.982,16.152,48.465,55.26,75.294,1461.9
1.639,10.729,48.058,43.509,72.949,1295.3
5.213,19.955,54.835,36.031,57.123,1182.3
-0.10082,37.973,68.83,63.989,53.323,1447.4
-2.5562,24.018,41.844,47.785,65.384,1258.5
16.502,26.472,41.648,30.902,68.478,1306.8
2.7896,12.665,46.485,65.357,77.671,1474
8.7949,8.1418,57.335,59.915,46.039,1229.7
1.5057,35.003,29.593,60.351,66.373,1305.8
14.415,19.803,35.803,41.748,64.643,1255.3
0.90592,27.005,56.07,54.237,62.777,1365.1
13.411,16.56,45.905,63.889,72.306,1500.9
10.824,19.039,31.557,65.432,57.473,1269.1
-11.764,25.893,50.29,52.469,73.767,1479.2
11.822,15.201,52.189,52.936,76.224,1483.6
16.013,25.48,42.896,43.275,65.484,1353.5
2.4516,12.004,46.179,54.87,66.922,1305
14.84,19.866,46.084,65.399,71.031,1527.8
19.592,32.128,51.262,65.759,54.136,1515.8
4.0895,18.322,40.623,54.992,58.749,1222.1
7.823,19.472,58.64,61.957,77.088,1563.9
23.77,15.365,53.085,49.018,70.955,1606.1
7.565,21.373,56.109,54.072,62.395,1368.6
3.2411,-0.43344,48.841,65.965,81.637,1489
11.646,9.7971,53.085,66.986,61.374,1421.1
15.63,6.4257,46.428,50.781,71.031,1408
9.2944,1.5059,27.074,48.995,73.107,1216.4
10.533,29.079,62.738,41.828,58.502,1343.2
4.6323,26.173,36.273,58.183,70.802,1353.7
1.9101,16.314,38.79,42.967,68.863,1217.5
12.373,24.306,55.319,47.884,74.368,1487.5
9.5821,13.921,66.653,41.006,78.811,1492.8
22.899,29.209,34.202,48.86,69.751,1507.5
1.8558,32.473,56.474,67.278,72.364,1555.1
16.042,17.12,39.6,62.685,56.7,1348.8
1.0751,16.105,66.729,57.059,70.766,1485.5
-3.6867,23.059,35.559,51.568,60.82,1203.2
3.9559,21.499,45.814,40.081,62.982,1208
-5.3419,-2.0048,48.076,48.919,64.549,1224
17.854,25.743,48.752,42.945,71.173,1466.9
-11.185,24.103,49.372,65.432,77.031,1573.2
12.214,18.993,33.18,50.324,65.311,1270.8
14.99,35.493,57.499,58.435,51.929,1425.9
19.08,3.0208,45.528,63.024,71.02,1521.8
3.7592,31.646,50.732,48.476,61.737,1308.5
5.6042,29.696,61.715,36.576,65.607,1336.3
1.5177,16.236,30.701,55.76,69.507,1254.7
-5.7222,29.3,58.896,53.014,63.046,1397.9
0.55565,25.417,58.538,56.409,71.75,1470.7
6.1541,25.374,36.763,52.436,66.96,1290.3
0.21859,7.5444,38.939,50.37,54.562,1104.1
14.578,26.98,39.526,51.169,65.407,1367.2
12.495,26.029,47.253,52.546,64.145,1381.5
-7.9289,30.578,63.246,63.809,72.149,1592
1.1244,25.775,48.16,47.436,66.402,1305.9
-4.0576,25.811,48.822,32.293,81.048,1357.2
13.291,24.112,56.699,33.956,74.735,1422
-5.9725,27.562,33.607,50.302,72.242,1312.8
7.0742,13.806,55.671,47.32,80.193,1461.3
25.005,26.338,45.791,42.027,71.518,1585.6
5.4715,8.2552,65.69,66.238,63.69,1460.1
1.4577,10.99,44.498,47.829,82.182,1386.9
0.0657,10.965,37.247,60.391,76.216,1366.6
23.688,20.231,52.317,32.961,61.082,1423.9
0.55594,8.9994,66.883,64.838,53.89,1357.2
9.9621,17.865,45.681,49.067,73.349,1384.8
10.332,26.606,49.066,57.794,95.55,1693.9
13.575,18.678,56.784,61.553,67.424,1513.9
14.943,10.777,50.162,53.654,75.668,1494.6
-4.3415,36.707,50.305,53.264,53.929,1281.6
23.329,26.681,61.797,55.453,70.116,1715.5
10.952,40.294,59.384,59.653,67.977,1560.4
10.644,13.416,63.767,49.728,82.819,1575.1
20.786,25.32,59.263,53.341,65.82,1593.6
11.927,13.6,61.057,74.85,68.732,1599.5
-1.0839,12.977,51.676,50.994,56.022,1213.7
22.128,35.597,59.305,47.591,70.696,1660.3
8.6365,10.129,44.576,66.388,66.557,1388.8
18.893,6.4008,46.891,51.134,72.656,1478
10.98,29.017,33.893,47.881,75.501,1371.8
17.828,15.279,56.458,53.592,72.223,1555.6
6.7962,24.385,54.877,61.147,68.845,1469.2
17.814,19.587,35.309,57.529,70.716,1454.9
15.879,13.476,46.467,54.95,72.9,1476.6
8.2888,16.765,47.722,49.827,63.711,1295.8
19.909,25.683,71.537,49.12,82.276,1776.3
12.241,25.319,39.994,48.303,88.978,1536.1
3.9774,22.576,56.947,51.85,65.786,1376.1
7.6743,10.836,35.495,54.938,72.96,1318.2
6.6406,21.569,64.224,63.908,89.852,1725.3
-3.0122,17.378,38.591,46.757,73.424,1287.6
17.256,28.763,56.423,62.419,72.022,1641.3
-8.1184,24.406,67.07,43.45,82.073,1561.3
21.311,4.9429,57.119,48.096,64.968,1487.4
0.45131,28.285,70.291,48.735,61.611,1407.4
14.345,21.914,44.748,70.226,80.068,1633.1
8.5652,34.159,56.853,47.942,54.91,1312.5
6.8309,14.063,53.618,54.872,74.359,1441.8
9.049,31.6,53.497,67.565,43.964,1310.1
-4.9541,22.516,26.944,54.54,64.164,1205.1
-16.402,31.064,64.159,51.159,70.262,1594.7
10.001,26.949,65.434,48.511,66.522,1463.1
28.076,34.458,49.482,55.162,57.259,1655.7
35.158,18.563,55.961,47.457,80.779,2013.2
8.9823,15.636,49.951,62.93,53.792,1301.1
2.6237,22.555,53.322,48.635,80.183,1463.3
12.304,6.6226,52.06,57.704,85.611,1577.7
8.8099,34.482,40.123,52.525,66.252,1349.9
7.897,34.31,61.013,46.012,59.774,1365.3
14.582,19.351,51.154,46.983,76.038,1484
15.222,10.339,52.944,62.935,65.417,1476.8
13.567,-3.7934,39.039,55.929,68.446,1314.3
13.907,21.868,58.335,63.357,52.343,1409.3
-3.2147,34.293,39.798,50.524,69.754,1337.2
3.1075,24.655,31.249,42.705,62.761,1143.7
14.771,23.71,55.242,53.643,60.49,1422.3
20.031,18.297,64.414,43.215,47.118,1353.1
12.039,20.922,38.385,56.688,75.909,1442.8
2.2244,15.225,58,46.534,53.688,1210.2
11.559,17.46,48.793,66.045,89.114,1668.2
32.797,10.728,50.999,49.126,86.571,1951.9
-1.2119,22.555,49.784,69.618,79.29,1562.6
15.996,14.282,57.539,65.317,76.117,1640.2
18.78,19.753,35.18,50.584,58.476,1314.4
2.2741,17.948,32.149,57.968,58.814,1185
4.8039,13.333,58.026,51.124,66.681,1360.9
14.221,4.982,60.697,53.202,75.895,1528.6
30.102,29.131,38.605,60.385,65.902,1739.9
7.8525,31.107,57.308,59.124,70.497,1513.8
19.846,22.904,63.322,45.065,59.369,1482
-17.947,26.857,68.752,56.264,51.842,1494.6
5.5606,35.065,46.541,55.416,78.681,1501.2
20.496,50.016,60.191,54.994,75.425,1768.7
5.148,14.775,49.045,55.721,58.756,1269.7
5.3517,36.15,46.81,59.766,56.135,1324.5
15.771,24.718,56.884,56.46,62.546,1485.2
-13.376,26.925,60.046,48.845,68.817,1489.8
6.2184,13.196,56.741,55.899,76.16,1476.9
13.588,14.319,44.41,54.847,83.269,1531.9
2.2204,15.264,51.962,61.159,73.404,1447.5
-3.0832,21.196,49.16,44.776,52.625,1157.9
7.7367,14.732,51.099,63.359,67.503,1424.7
11.156,22.445,35.34,36.975,78.565,1322
1.6678,22.917,54.342,57.356,64.935,1382.5
1.1799,20.002,51.97,50.12,71.365,1373
0.51589,30.719,64.845,54.968,79.97,1590.9
4.0049,19.128,43.24,45.815,70.029,1286.3
-1.3676,7.1775,61.789,41.366,67.532,1301.6
3.5717,33.341,51.923,66.952,59.327,1413.1
4.1696,9.0109,47.175,36.807,65.961,1185.3
-2.6842,23.607,48.998,70.806,70.261,1488.1
19.934,29.69,37.437,63.471,56.492,1440.4
12.96,23.979,46.205,61.823,79.142,1570.3
4.7153,21.395,35.07,65.422,50.725,1192.5
3.6531,6.3515,53.669,43.581,76.646,1354.1
18.29,6.0245,57.419,49.806,90.014,1680.4
12.541,8.7269,47.611,55.616,87.22,1562.4
28.508,23.845,48.43,56.34,86.239,1901.9
13.85,24.566,44.806,54.554,87.294,1604.3
12.574,13.495,49.861,55.954,74.449,1475.3
11.172,10.141,34.343,71.74,61.863,1341.2
20.86,22.095,44.06,42.745,77.931,1541
22.812,33.042,59.069,46.873,70.689,1660.2
20.824,22.628,36.704,47.679,59.196,1356.9
19.757,7.2899,54.673,64.559,55.597,1468.1
9.2217,30.857,60.729,52.254,78.757,1576.8
9.058,20.27,46.488,48.489,67.959,1336.1
18.274,1.2002,62.107,62.741,49.619,1401.5
-6.2551,32.408,60.421,53.078,65.12,1438.8
12.3,30.812,50.215,46.671,75.829,1482.6
2.8819,15.61,59.273,59.331,54.276,1305.6
20.766,4.1692,50.434,71.992,62.753,1564
20.256,26.138,46.773,52.197,62.322,1473.5
1.1335,13.798,64.09,60.068,70.188,1476.4
20.06,-0.037062,47.789,47.464,65.349,1393.6
-7.0714,14.867,46.723,54.132,66.386,1327.2
8.5245,20.95,54.06,46.88,73.594,1420.4
6.5426,14.443,50.5,50.954,77.07,1423.5
22.591,45.184,46.024,58.441,66.161,1646.8
5.5815,21.517,37.906,35.491,79.866,1295.3
-8.5643,29.448,37.29,44.128,67.581,1275.7
1.9604,23.073,53.843,48.182,69.473,1365.1
6.0622,26.077,44.129,45.293,92.781,1528.6
3.8894,19.279,56.709,50.642,77.633,1465.8
-3.5716,8.7178,51.76,61.952,72.879,1429.7
-4.3221,21.373,62.676,67.584,65.826,1505.9
10.774,22.656,43.245,60.714,54.44,1291.2
-0.57838,22.616,57.534,28.78,87.625,1430.1
11.603,19.24,43.57,64.452,61.464,1378.9
23.174,18.998,49.814,56.823,71.677,1640.9
5.0204,-1.7606,66.924,63.125,68.166,1456.1
-3.4616,11.734,51.72,67.696,70.618,1453.5
-3.176,13.645,42.238,63.327,50.151,1187
8.1011,10.39,46.062,58.09,67.371,1350.2
1.3269,11.739,55.095,56.213,73.448,1423.3
3.7978,7.277,42.123,78.8,69.001,1438.6
5.481,49.346,54.43,52.214,73.315,1521.9
-1.1601,21.79,37.855,56.317,59.672,1226.4
2.091,0.49173,58.798,49.217,74.508,1377.7
16.19,23.999,46.525,45.847,82.176,1542.6
23.173,25.714,52.185,28.163,63.445,1421.1
21.244,27.551,43.036,44.498,69.755,1494.7
5.9632,24.272,55.062,59.677,65.2,1422.5
14.93,11.466,42.301,57.927,81.962,1534.9
-3.4721,24.423,50.553,48.739,70.731,1368.7
2.7704,28.52,53.571,46.546,85.085,1515.6
12.662,13.815,52.185,54.972,74.208,1482.6
11.82,18.415,40.766,63.454,63.56,1375.2
22.409,12.207,51.991,69.422,66.586,1648.9
7.4383,40.206,40.321,50.828,64.136,1328.7
22.93,26.68,64.342,37.051,87.65,1769
13.358,29.253,47.064,70.18,66.5,1532
22.844,11.634,63.792,74.894,58.497,1685
13.678,36.335,46.177,65.137,69.789,1551.3
10.972,26.31,66.906,41.077,63.009,1400.2
9.8944,15.245,44.789,48.94,78.254,1415.2
-2.6295,39.635,53.905,53.933,78.017,1532.5
27.917,30.999,50.929,29.095,67.491,1581.3
18.465,4.7906,43.047,47.483,64.804,1348.2
26.825,26.756,61.208,58.691,70.82,1817.2
12.091,13.259,62.656,44.9,63.665,1376.3
14.378,8.5547,51.952,54.295,67.775,1422.2
0.7707,22.653,42.021,38.889,60.205,1149.5
20.36,25.529,31.921,48.285,52.667,1272.8
11.044,28.144,52.571,54.795,60.164,1381.5
21.242,22.204,30.779,56.779,58.944,1382.9
13.281,38.417,57.468,63.924,74.167,1652.2
3.5015,-2.7093,46.272,34.696,72.552,1189
14.597,31.407,52.255,66.754,68.287,1579.7
12.484,20.319,43.508,43.853,69.277,1334.8
15.183,13.006,41.022,63.002,79.262,1542.3
4.7343,-0.93163,54.382,53.068,58.327,1230.3
23.186,18.633,36.422,43.3,71.091,1471.5
0.47644,28.366,39.192,51.533,37.033,1015.7
-7.184,20.509,56.791,41.492,68.857,1348.5
-1.8759,20.86,58.256,46.364,74.088,1415.3
9.8157,16.815,66.995,65.094,69.918,1574
5.4467,-3.3794,58.835,30.391,66.98,1190.5
11.266,10.414,52.059,47.269,71.632,1384.7
33.387,30.518,48.94,50.673,73.614,1908.6
2.7528,2.3194,49.518,58.495,67.17,1320.4
29.024,26.303,44.474,67.283,73.211,1847.7
5.6648,25.033,59.904,60.004,67.845,1478.2
13.09,13.838,57.057,66.285,59.655,1452.7
10.534,8.4003,36.102,71.393,70.451,1416.9
10.323,39.478,48.537,46.732,69.756,1423.9
29.829,17.432,55.345,62.102,55.5,1710
1.7037,6.3142,53.217,54.715,59.489,1258.1
5.559,12.003,58.845,62.161,61.542,1386.6
1.7615,8.5511,56.086,58.16,68.191,1383.6
15.155,25.468,56.479,43.313,70,1463.3
11.111,11.862,58.256,52.052,64.721,1390.2
28.09,10.397,66.088,67.847,85.85,2021.9
0.38747,30.637,57.579,48.092,61.513,1334.9
20.17,8.8225,65.002,29.524,76.614,1516.1
1.7253,2.882,63.46,39.681,57.913,1199.6
13.788,37.463,62.67,45.912,86.607,1688.3
2.6797,18.958,63.283,65.084,68.182,1503
0.77791,18.771,39.057,49.723,59.792,1183.8
14.06,19.145,32.476,44.473,66.422,1262.5
9.7994,30.399,35.697,50.716,79.883,1433.7
-0.64092,-0.48765,52.831,43.273,60.6,1172.6
11.614,16.632,51.86,51.814,82.168,1531.6
-2.9483,17.883,39.354,40.393,74.812,1266.6
12.149,20.398,55.674,41.207,81.723,1501.2
2.6488,19.909,29.125,40.948,73.379,1202.2
5.9684,8.0319,48.965,52.612,60.082,1245.3
10.445,22.505,53.411,44.68,88.457,1560.8
6.7361,10.637,33.334,65.931,74.056,1377.4
4.0818,23.664,58.734,59.954,42.897,1230.1
7.103,16.34,56.449,56.202,87.026,1592.1
18.828,19.393,36.877,67.272,58.35,1426.9
22.944,29.402,58.956,46.958,79.011,1728.2
-3.8092,17.234,32.991,49.537,49.858,1056.9
12.74,35.845,55.437,48.241,58.951,1388.1
14.975,28.762,45.863,76.558,62.78,1549.3
-9.3342,25.724,45.393,62.854,57.231,1339.5
24.227,22.91,54.843,43.506,72.978,1633.9
24.644,17.688,48.286,66.047,65.277,1657.8
20.789,3.7263,59.376,47.351,70.575,1534.1
21.981,9.0652,39.747,18.628,67.529,1250.7
13.869,15.649,61.662,46.22,91.756,1665.4
3.8274,29.517,76.563,43.903,69.309,1495.4
11.233,10.937,34.486,55.063,70.722,1322.7
9.4754,25.634,59.674,58.491,68.843,1504.2
5.6013,2.5567,50.31,54.325,77.338,1404
11.336,23.984,62.092,46.427,69.092,1457.7
-11.698,12.138,39.232,60.256,73.745,1419.3
5.2652,27.494,51.619,55.536,71.594,1441.7
-3.8768,13.109,60.087,53.211,68.743,1400.7
17.53,17.321,49.081,40.382,69.55,1406.8
-5.9484,31.725,43.408,64.163,71.742,1465
6.191,18.504,59.832,58.436,54.293,1325.8
-5.4377,25.601,58.99,53.922,88.935,1629.7
9.7412,35.323,56.311,61.325,58.475,1438.7
15.845,27.964,46.777,37.767,73.02,1416.7
-0.062999,11.702,48.651,54.331,64.344,1288.8
19.243,-1.0204,58.325,38.099,75.46,1472.9
3.1796,4.1626,42.709,68.008,65.94,1335.1
18.921,24.072,54.019,50.037,71.692,1559.3
7.2775,11.329,73.076,49.106,84.824,1611.1
3.5907,-4.7611,37.942,53.083,74.38,1265.4
22.516,25.646,53.32,44.583,75.824,1630.6
-3.9367,12.093,59.119,42.353,84.365,1468.3
-9.7362,25.977,54.514,65.211,80.641,1627.6
16.8,39.893,44.444,43.232,65.637,1419.8
18.464,23.685,46.699,48.832,58.862,1381.7
0.5055,6.1219,49.929,43.423,48.134,1062
-19.603,39.558,53.679,40.639,61.278,1462.3
19.985,38.619,56.8,62.248,79.567,1787.7
7.2464,27.748,33.642,29.011,74.959,1213.4
6.0317,38.511,70.825,37.204,72.427,1486
6.2194,20.521,44.557,47.327,81.114,1420
12.575,16.764,31.265,43.103,56.611,1131.5
1.293,16.527,35.812,59.473,64.65,1263.8
15.21,28.652,47.862,41.602,80.551,1509.7
2.0393,20.996,49.89,65.116,61.817,1370.6
9.7175,5.3606,59.338,36.274,61.805,1238.4
9.4254,37.126,54.415,47.345,69.151,1441.6
13.049,24.732,52.21,48.694,76.411,1502
9.5188,9.9447,64.369,34.404,65.729,1304.9
5.0687,16.195,54.777,40.521,80.662,1414.4
6.1436,12.04,43.732,49.849,70.916,1310.4
6.3653,7.9062,41.71,57.208,64.783,1276.3
9.1021,16.217,71.248,52.921,67.938,1497.1
15.294,24.008,61.822,42.378,78.281,1562.6
-5.671,10.325,54.112,45.342,84.336,1459.2
4.4306,16.062,34.295,45.385,42.206,966.91
21.056,11.936,65.077,47.671,86.091,1742.9
18.665,19.981,44.88,65.858,60.448,1483.7
27.804,27.893,59.335,62.34,67.611,1826.7
20.45,41.509,47.207,58.13,86.345,1785.3
11.477,19.253,44.113,59.462,79.995,1520.4
-9.1165,47.089,48.493,59.547,76.228,1576.2
8.4486,16.027,63.287,53.362,63.002,1401.8
10.122,25.733,48.584,62.443,59.635,1384.7
13.022,14.567,40.493,58.856,66.5,1373.4
22.019,13.125,61.649,47.107,79.6,1681.6
-13.383,26.872,59.528,53.696,72.766,1553.2
7.3668,20.756,54.997,56.914,83.202,1568.1
3.397,19.194,47.658,44.962,60.993,1222
-3.035,16.173,60.868,43.126,70.674,1367.1
3.5993,24.986,54.377,38.391,65.461,1280.2
22.608,22.458,59.762,57.689,70.467,1692.9
24.5,31.945,55.392,39.264,64.069,1562.4
-21.076,23.272,46.709,55.648,49.825,1385.8
22.633,9.4163,68.276,56.744,75.536,1744
6.0715,33.969,29.981,39.794,57.912,1114.3
33.848,36.274,53.707,35.66,65.91,1803.7
17.728,12.956,51.406,69.356,54.71,1454.1
17.448,13.814,53.578,53.32,74.179,1544.5
20.86,17.136,38.586,40.2,65.902,1366.8
20.72,21.834,48.949,49.108,75.521,1583.8
16.722,23.91,36.954,57.019,65.01,1405.4
19.314,16.963,51.891,48.939,58.399,1402.3
-0.83575,18.144,42.019,70.851,77.977,1498.6
18.546,31.23,37.021,52.946,72.715,1502.6
-17.96,20.606,56.913,64.687,57.932,1514.4
-4.9836,8.5237,38.425,56.79,64.17,1243.7
12.301,15.654,45.157,60.47,84.737,1574.1
26.221,26.581,59.002,55.096,77.032,1824.1
11.72,6.3041,38.869,61.049,80.839,1469.7
2.9853,15.019,39.122,55.523,76.696,1368.2
4.6359,-4.1944,54.646,46.232,72.694,1311.1
3.3863,17.617,50.297,59.925,61.037,1326.3
15.846,35.71,64.18,49.96,72.448,1613.8
4.7021,17.939,43.762,79.367,70.587,1502.8
17.271,21.469,68.704,35.665,75.288,1554.6
20.961,0.4642,46.315,53.925,79.976,1577.9
9.2169,30.797,37.388,59.058,81.298,1505
4.9724,27.213,41.702,51.486,71.902,1358.7
17.342,6.9253,49.671,44.755,69.518,1402.3
12.901,7.2258,60.641,50.229,63.207,1383.8
21.775,35.057,36.591,57.821,68.29,1559.6
19.737,19.863,41.423,45.003,67.1,1412.6
13.6,25.768,64.296,43.324,60.314,1401.2
17.733,12.476,28.592,49.24,61.014,1251.1
19.358,0.16227,30.607,52.846,63.695,1299
11.271,22.758,53.026,54.617,75.859,1513.3
10.466,17.65,60.91,60.984,66.221,1487
-1.4454,5.1354,65.472,45.876,56.821,1246.5
10.589,13.797,43.275,59.35,51.002,1222.1
4.0481,21.228,40.099,53.863,63.295,1262.6
23.257,23.889,51.246,50.405,64.508,1560.1
3.7655,-4.2585,55.001,52.266,82.961,1441.9
-0.7373,29.24,48.507,35.176,59.637,1179.6
17.101,42.451,35.105,53.279,78.142,1555.1
7.6219,19.001,46.124,66.286,76.122,1505.4
13.533,29.896,64.335,71.163,65.883,1638.1
2.9896,24.461,56.233,42.578,60.153,1265
24.472,9.454,64.1,46.512,68.077,1625.7
36.484,12.985,43.321,61.026,66.479,1916.8
4.1478,12.843,43.774,56.686,80.488,1434.7
5.6888,20.997,49.318,59.154,61.565,1340.4
11.007,24.118,41.957,42.325,78.827,1400.4
11.611,9.2775,40.716,52.93,68.523,1324.6
18.158,23.489,53.057,47.281,75.208,1554.4
3.1832,10.997,33.289,59.703,71.969,1304.5
7.4175,24.28,57.084,37.493,64.087,1294.5
27.953,0.58649,44.711,45.1,70.467,1578.9
22.639,21.177,44.744,44.027,63.309,1450
9.0901,0.4897,51.235,66.274,68.63,1420.2
-0.26962,26.447,47.431,51.43,83.479,1485.4
14.199,15.796,56.225,46.821,55.822,1310.7
13.847,22.008,56.288,57.039,76.867,1583.4
14.454,32.177,35.872,34.923,64.911,1254.3
-7.2085,8.3635,72.226,31.78,51.215,1179
-1.7684,-2.0974,32.986,49.727,72.46,1201.5
8.9836,21.773,54.931,65.951,72.013,1536
6.9091,16.87,52.727,43.514,68.572,1321.6
10.976,18.492,56.09,38.63,74.691,1404.8
-2.7664,26.569,50.55,61.149,72.183,1464
19.327,10.999,38.219,47.29,37.158,1097.7
9.3766,45.269,51.498,70.994,63.576,1545.3
-8.3139,27.921,44.542,64.207,72.946,1486.4
9.5301,32.518,49.05,42.771,74.987,1421.9
14.662,16.261,56.189,71.441,59.817,1508.2
9.5443,26.981,41.225,51.855,68.814,1358.7
17.914,27.949,43.809,64.979,69.08,1563.7
23.647,12.102,45.723,59.676,59.497,1511.1
9.6488,28.197,43.757,46.231,67.698,1332.9
20.172,1.0541,50.851,46.314,72.024,1471.3
-2.3709,18.539,50.881,52.964,58.722,1265.3
1.6694,11.011,37.042,46.573,82.012,1334
5.6288,36.851,37.863,42.709,52.149,1132.4
2.9141,20.601,58.697,62.609,85.862,1629
8.2403,11.084,55.172,52.759,54.225,1252.6
6.9271,15.108,49.578,68.431,51.932,1299.8
5.9566,18.028,56.552,41.592,74.159,1381.7
2.7594,27.321,53.082,56.094,87.868,1594.2
22.469,17.29,34.471,64.445,85.611,1706.8
3.9535,23.021,48.629,62.675,75.621,1486.5
0.35681,9.8546,42.107,50.817,58.41,1168.1
-1.3011,40.493,40.347,72.088,75.418,1542.3
4.6521,30.439,40.915,55.604,80.613,1468.6
-3.1911,28.357,52.559,48.121,73.286,1411.5
13.331,7.5614,39.994,54.614,54.784,1218.1
20.817,25.869,48.239,54.576,68.436,1562.7
16.87,30.213,52.375,55.21,59.999,1460.4
18.237,25.868,40.216,66.83,86.243,1710.9
20.797,34.245,64.313,51.525,44.556,1443.9
1.7474,26.539,46.475,57.209,77.232,1459.8
-6.9632,2.4611,54.218,55.886,85.078,1515.4
2.9135,28.622,50.54,63.077,69.061,1454
19.733,33.503,64.399,47.921,48.657,1438.2
14.39,5.4553,67.003,46.96,74.198,1514.8
-5.2085,3.4019,53.968,48.716,68.212,1307.3
-9.474,23.266,63.009,48.865,66.168,1431.8
-2.3848,5.9411,40.987,61,64.253,1269.2
15.927,35.849,53.293,72.812,66.947,1643.1
17.602,21.775,43.222,33.856,35.458,1032.6
6.4976,11.37,40.983,46.21,70.541,1268
-5.3653,26.783,47.165,45.062,63.134,1270.6
-12.695,14.428,44.043,53.978,68.662,1379.6
20.222,10.601,71.161,48.392,61.431,1536.6
-10.989,30.926,64.73,54.734,68.983,1542
15.35,18.834,59.124,51.189,87.515,1671.5
-3.8708,15.424,49.231,71.677,61.628,1393.6
10.759,7.1363,66.867,61.544,73.264,1560.8
3.1017,18.751,51.534,61.704,64.826,1382.3
12.459,16.015,40.056,58.338,70.464,1402.2
11.217,32.322,34.98,36.247,67.905,1248.2
18.66,21.103,69.412,57.943,67.92,1650.9
9.6901,35.66,60.722,59.592,59.815,1466.8
-9.1486,23.956,36.494,48.296,72.321,1328.3
9.2312,16.505,48.965,58.003,79.304,1504.2
25.307,20.929,51.883,40.922,72.486,1613.5
3.215,9.2962,41.17,56.592,51.808,1140.6
6.2942,32.403,59.29,54.272,47.509,1277.6
17.558,21.877,54.834,60.541,79.215,1669.9
3.671,32.002,59.817,44.516,38.811,1126.9
0.84825,12.936,49.509,58.822,63.17,1315.2
4.3137,10.815,21.83,67.725,74.797,1316.3
10.205,25.41,64.07,37.982,69.087,1410.2
19.498,12.971,52.003,58.267,80.095,1651.8
2.9546,17.118,44.34,64.111,68.9,1387
14.905,24.556,46.096,49.816,80.184,1530.4
-6.8227,12.356,53.877,64.926,94.622,1687.3
9.9449,16.501,50.518,44.274,75.66,1400.3
0.10362,32.248,41.725,33.077,60.463,1143.3
-2.5675,33.775,64.268,49.549,72.968,1501.5
7.0241,14.029,29.572,56.748,91.323,1469.3
15.816,4.1716,41.751,46.56,61.671,1263.6
9.1118,17.292,37.834,46.453,85.447,1424.7
-11.883,22.776,53.493,54.091,84.059,1594.6
-0.6473,15.624,39.027,61.68,60.177,1251.9
4.4839,14.237,38.532,53.631,80.243,1388.2
13.813,15.25,58.945,46.826,66.8,1421.4
14.717,41.788,42.515,69.158,62.223,1515.1
18.695,33.1,35.054,38.026,71.53,1395.4
7.7899,14.124,46.811,52.145,84.862,1487.9
25.972,24.63,41.604,46.413,71.517,1605
-3.726,26.787,70.725,27.463,53.164,1201.1
18.943,22.004,55.702,53.38,80.598,1666.1
16.502,24.333,64.876,44.606,76.603,1597.1
-1.4452,38.871,48.717,47.659,80.415,1480.5
12.831,36.846,37.147,62.646,61.169,1394.8
9.1696,18.169,40.36,53.558,79.558,1432.8
0.94397,16.067,49.98,47.518,63.704,1262.2
8.1568,28.877,44.1,68.649,73.083,1514.5
-0.2122,12.898,30.679,68.33,65.18,1281.7
18.331,8.7857,53.336,48.437,63.579,1413.6
11.717,7.9478,63.694,52.332,61.66,1389.9
13.353,16.127,32.141,49.221,51.74,1137
17.737,14.949,54.927,55.095,61.376,1453.6
19.631,16.604,68.099,38.44,69.932,1542.8
18.147,23.18,45.622,45.715,74.218,1490.6
11.881,21.449,34.606,54.951,73.969,1391.8
2.16,17.749,53.807,54.482,59.948,1300.4
20.94,9.505,57.956,43.707,55.301,1383
13.039,17.411,47.385,63.542,71.507,1498.3
6.7581,35.184,44.33,60.542,61.839,1371.9
1.4113,9.2105,61.076,55.068,58.142,1302.7
7.0617,27.802,46.547,58.648,81.182,1530.4
14.176,29.606,55.292,55.702,65.274,1490
23.998,14.109,56.045,47.182,68.649,1591.9
-4.0505,16.922,61.508,53.825,60.632,1350.6
12.951,19.266,53.873,59.211,75.505,1551
-7.0592,14.802,31.767,46.558,78.216,1300.6
5.7033,26.839,45.896,40.689,69.648,1297.7
28.622,16.037,55.448,57.171,51.394,1606.2
8.4696,23.12,28.284,52.304,65.461,1233.9
3.2028,43.758,40.969,62.46,77.439,1518.4
3.2459,21.33,35.385,53.234,70.457,1294.6
13.932,22.717,63.862,47.19,59.581,1410.6
-3.7738,31.9,52.816,61.958,88.212,1649.4
5.2541,19.663,50.149,46.738,61.801,1263.8
10.049,24.412,49.148,56.249,61.845,1365
6.7879,22.945,49.763,54.29,46.191,1183.2
6.3174,22.248,36.352,62.505,84.584,1504.2
-8.2383,30.884,47.605,56.103,65.539,1394.2
7.1945,18.786,48.197,70.088,57.867,1369.7
22.645,10.965,53.44,62.506,50.423,1466.3
16.664,12.712,32.446,56.33,71.799,1401.6
-3.0552,34.461,69.538,60.323,53.848,1426.9
15.767,18.366,45.928,41.747,63.329,1316.5
3.2447,24.651,59.994,51.851,70.34,1440
4.523,32.301,45.56,56.526,65.67,1369.3
0.25025,10,36.586,61.704,55.777,1179.7
-20.665,23.491,14.165,52.888,65.653,1315.9
14.359,18.514,56.522,56.338,82.926,1631.9
-2.8851,13.366,49.535,50.965,75.232,1382.2
9.9921,23.547,48.175,41.4,61.223,1257.8
-12.35,13.776,34.683,55.953,92.927,1554.5
-10.173,24.97,76.091,60.911,65.394,1588.2
19.461,20.536,52.482,51.788,74.1,1581.7
-1.106,17.613,42.085,49.021,71.727,1303.9
13.162,12.963,49.284,44.21,80.414,1458.7
0.20526,29.446,53.074,47.325,68.015,1359.8
-13.117,21.76,38.6,40.308,70.778,1309.4
18.137,27.164,52.794,60.006,75.382,1644.8
27.486,2.8787,42.983,54.565,64.005,1563.7
31.315,10.217,51.314,52.318,82.868,1895.6
-0.55261,7.2327,50.263,55.072,75.701,1393.9
6.3575,22.015,45.717,51.378,52.513,1194.1
11.711,28.852,49.032,44.525,68.633,1383.6
-11.804,24.437,58.362,34.638,64.702,1328
16.26,42.617,59.568,61.245,72.309,1683
1.2915,20.507,52.664,42.425,82.126,1429.9
28.359,10.478,56.223,58.566,66.791,1737.5
32.295,30.7,49.766,50.427,62.22,1775.6
5.1117,17.88,71.203,39.603,68.138,1395.5
22.919,4.5299,52.203,53.635,50.336,1388.7
-0.32562,22.132,41.847,58.851,88.295,1529.8
20.696,19.982,39.932,69.104,55.13,1461.5
15.823,20.519,56.492,48.047,75.684,1539.2
13.409,9.742,36.195,66.158,61.176,1334.3
-4.9409,19.503,57.135,62.742,65.747,1439.1
23.447,24.943,59.729,67.619,67.747,1754.4
17.862,23.71,59.674,64.351,73.095,1676.2
6.3535,11.103,39.316,42.111,69.594,1222.2
9.7064,3.9175,51.892,68.031,69.907,1462.6
21.004,14.945,60.981,31.205,49.991,1291.9
11.529,21.168,66.12,46.205,76.37,1540.3
-3.8176,31.036,56.68,52.215,69.424,1435.9
15.921,15.52,46.315,44.534,87.024,1547.8
12.052,10.548,45.59,61.854,59.347,1333
-7.5749,20.568,39.331,49.097,52.517,1145.4
0.61407,25.552,45.58,59.456,59.598,1301.9
17.012,20.291,50.58,65.901,65.664,1540.1
21.787,26.378,58.027,50.257,53.371,1474.7
23.824,8.9277,38.746,64.649,75.231,1639.8
15.461,15.602,41.98,53.997,76.47,1477.9
11.655,-7.5023,39.803,74.832,77.032,1482.8
7.7507,16.173,35.164,57.278,73.082,1348.9
-22.286,23.699,47.801,57.622,79.571,1703.3
13.686,24.202,46.265,60.557,65.05,1442.3
20.32,36.025,44.76,56.481,86.221,1740.2
14.361,12.262,59.444,39.159,75.303,1452.5
9.9738,3.2791,52.705,56.347,64.698,1346.9
12.814,17.568,43.054,59.465,68.061,1413.5
20.814,26.565,55.556,59.811,66.654,1624.1
26.489,31.095,52.394,38.262,78.449,1713.6
4.7231,26.852,56.524,54.99,76.721,1510
8.9178,29.393,53.609,44.834,59.105,1300.7
0.67682,17.511,64,52.437,72.97,1465
2.6983,2.9139,42.718,63.898,48.939,1147.8
5.3336,14.157,49.743,42.624,51.119,1120.8
3.3803,35.277,64.82,45.802,75.282,1509.5
10.847,15.518,40.499,59.2,76.57,1448.1
7.9015,19.194,42.021,49.354,68.961,1312.3
9.4932,20.615,66.121,39.53,58.9,1317
15.063,21.991,38.052,60.45,57.662,1336.1
-14.829,22.305,44.22,65.774,60.611,1430.6
18.59,12.258,62.954,38.113,67.937,1461
-16.993,8.3721,51.786,62.106,67.83,1506.5
-6.4827,25.028,39.485,39.662,67.104,1228.8
11.306,39.123,35.984,56.642,65.617,1382.1
-5.2703,19.038,48.325,64.166,71.408,1448.3
8.0648,17.179,33.817,62.633,64.289,1298.7
11.355,7.2023,43.162,53.726,49.824,1162.7
11.677,24.723,57.986,63.99,85.376,1698.7
27.123,24.709,58.056,55.92,60.401,1686.2
9.5336,10.097,46.322,41.478,60.955,1199.4
3.4406,1.4813,48.841,50.64,51.888,1126
19.465,3.1161,50.049,46.009,80.859,1539.9
18.736,22.601,52.894,55.317,66.268,1528
9.1506,6.4418,55.88,43.204,56.467,1210.6
25.904,20.456,67.683,55.834,70.517,1793.6
8.6595,6.2943,64.436,63.465,58.135,1398.3
6.6719,26.71,54.009,51.32,56.777,1298.1
-11.792,23.72,55.455,46.451,57.976,1320.3
3.982,16.252,48.983,68.071,63.841,1392.9
36.098,16.788,42.832,46.688,65.49,1814.7
10.593,5.8599,34.94,47.87,91.619,1451.1
8.5536,11.481,48.419,56.666,61.756,1310.2
9.0265,18.788,38.665,73.462,73.878,1495.4
1.1573,9.2054,50.531,64.176,53.038,1250
21.18,1.789,49.292,67.084,78.745,1674.3
8.3864,41.279,64.071,52.779,49.487,1355.8
-2.84,26.169,42.6,59.222,67.23,1358.6
11.779,34.63,62.056,52.839,61.727,1467
1.0316,25.527,50.486,52.622,69.522,1379.8
1.8631,25.228,70.414,52.785,61.019,1420
15.257,27.199,44.667,59.512,76.708,1563.3
31.825,36.286,64.445,40.81,58.994,1776.1
15.698,29.921,45.157,56.092,68.426,1483.1
25.002,16.382,46.991,65.446,74.714,1737.3
11.456,17.395,46.738,53.957,74.75,1447.2
-6.6036,24.532,48.328,60.498,51.467,1265.9
-3.2107,23.635,65.089,53.722,62.207,1403.6
7.2771,33.396,41.998,35.022,73.607,1305.2
15.628,22.67,34.478,44.947,77.659,1412.4
7.8741,31.678,54.073,57.37,69.408,1475.7
16.751,23.882,63.196,45.77,60.038,1444.2
1.5651,21.784,54.014,54.93,66.252,1373.9
9.9093,4.1909,51.758,57.052,75.657,1448.9
4.0723,21.464,48.578,67.733,62.798,1395.3
-7.4119,27.281,61.212,47.453,62.193,1372.7
15.964,39.252,39.328,51.511,57.027,1347.8
26.962,28.182,40.966,40.891,73.804,1622.2
32.796,20.836,50.106,62.658,61.573,1832
15.297,29.601,60.101,40.355,72.446,1503.4
21.456,24.392,60.398,53.648,65.156,1605.8
20.33,35.348,56.049,42.546,85.01,1706.7
-1.2774,22.845,53.137,43.463,61.411,1255.6
6.1308,10.7,49.323,64.344,56.326,1295.1
21.08,15.033,54.324,48.14,70.94,1553
11.711,13.755,64.755,55.269,66.803,1479.7
-7.2585,27.828,67.22,43.619,69.41,1451.3
32.904,26.354,46.512,44.707,82.189,1909
8.8007,10.812,72.566,57.521,73.525,1565.9
5.3533,16.867,42.234,49.636,52.438,1140.9
1.6956,30.797,46.436,52.492,61.704,1300.3
1.7218,37.627,57.9,52.604,54.903,1326.9
-2.5995,26.149,47.257,49.047,91.391,1544.4
3.0502,14.88,47.367,55.39,56.282,1227.6
27.907,33.156,44.332,71.235,78.028,1908.6
17.536,30.072,60.239,50.753,59.537,1484.4
9.6957,8.1776,40.469,37.812,81.826,1329.8
24.44,7.0942,46.808,58.228,47.585,1400.3
-18.59,15.73,37.75,52.055,71.674,1444.7
13.08,18.797,65.109,45.705,72.456,1504.9
-1.2933,28.429,56.695,52.853,59.12,1331.2
7.5257,20.811,46.549,60.328,76.05,1475.1
21.098,9.5182,65.7,57.226,45.373,1424.4
-2.781,13.686,47.7,60.754,67.665,1363.4
11.846,11.838,29.089,62.127,64.195,1284
5.5082,22.618,34.933,45.652,57.602,1139.1
28.026,25.465,49.031,63.992,54.078,1649.7
11.214,27.806,50.444,45.649,55.987,1274.1
12.949,14.069,50.68,52.254,64.736,1373.6
-3.0416,18.802,39.554,57.391,84.823,1469
-1.3332,30.906,51.497,57.124,79.63,1523.9
6.6254,34.771,38.293,63.174,56.17,1298.5
8.4052,23.597,50.332,69.603,60.72,1428.8
15.932,13.32,54.077,64.218,71.423,1565.9
6.7786,16.768,31.524,53.175,62.016,1195.5
13.597,48.573,49.565,56.824,70.382,1561.7
9.1962,19.401,58.283,45.13,61.786,1326.1
8.9694,9.974,54.413,37.306,65.44,1257.3
17.495,20.774,50.702,54.606,65.431,1477.2
-4.1285,18.882,47.482,66.732,50.372,1260.4
2.7262,8.1311,57.83,43.268,69.477,1313.5
2.0437,17.157,75.416,43.699,65.883,1413
17.672,29.695,60.004,57.321,68.695,1609.3
-4.7217,21.661,49.646,47.029,71.236,1353.3
-6.8534,2.3803,32.587,68.013,69.096,1315.5
0.95881,19.347,53.921,41.38,56.757,1193.3
13.414,23.541,42.227,57.802,61.311,1361.6
-0.52403,29.985,42.338,71.563,77.387,1535.8
19.292,41.568,52.822,41.663,82.071,1656
-14.229,26.837,52.057,51.475,81.977,1590.6
5.6588,5.9338,56.792,54.511,69.225,1379.3
17.285,26.661,44.801,58.662,56.954,1404.6
1.2448,16.404,52.224,66.359,64.416,1400.7
-0.79245,11.063,60.289,40.804,72.059,1342.4
9.5239,20.912,40.607,70.426,62.009,1389.2
16.694,30.31,38.685,57.454,63.284,1421.7
-4.7304,24.708,23.444,67.045,56.646,1199
-5.1419,2.37,54.427,70.471,59.775,1364.4
-4.5071,23.116,69.382,40.563,67.872,1401.8
4.1981,21.775,46.561,41.559,69.44,1282.8
8.0005,18.349,43.263,58.7,59.669,1290.4
18.688,11.76,80.023,70.629,83.093,1903.8
4.1699,25.452,60.765,67.253,65.923,1505.4
-16.769,20.02,45.508,47.85,69.294,1426.7
9.5029,30.66,59.107,58.573,75.602,1579.3
6.5606,12.589,43.137,44.517,73.791,1304.2
5.3856,28.686,56.406,52.386,59.525,1343.4
30.684,30.765,49.389,72.99,78.27,2016.7
1.4621,4.0812,48.277,52.03,63.992,1246.5
3.9857,42.216,46.068,60.22,75.083,1510.5
19.069,36.8,42.902,45.073,66.735,1459.1
19.338,13.076,50.63,47.721,68.294,1466.8
-10.356,21.727,67.596,51.37,65.347,1469.9
8.2077,16.461,35.622,46.463,77.075,1325.1
0.83138,27.673,56.567,44.199,71.804,1390.6
11.139,23.274,58.277,63.029,76.339,1601.3
10.228,10.287,61.606,61.327,75.99,1558.3
18.426,4.3276,54.919,42.494,67.89,1413.4
22.621,8.9018,59.745,64.703,74.9,1735.7
-4.8661,23.003,42.369,55.722,79.559,1446.1
6.7625,7.6378,56.399,47.667,68.344,1337.6
8.6328,11.613,47.064,65.459,55.214,1297.8
25.024,13.916,45.823,64.766,68.247,1659.5
-16.116,23.975,55.178,61.997,75.588,1632.4
17.935,24.77,66.546,56.331,59.161,1542.8
11.694,32.517,57.747,54.778,63.863,1466
14.192,10.075,65.295,74.659,61.728,1574.3
6.9517,27.683,54.113,33.019,50.425,1130.8
11.568,18.507,52.457,58.006,80.524,1563.9
1.3456,40.521,40.75,73.592,66.602,1473
2.7498,23.851,55.776,50.037,74.377,1437.3
8.3427,23.37,45.687,59.118,70.441,1424.5
1.8081,26.921,46.166,63.406,65.944,1394
2.1862,16.476,67.955,70.818,73.723,1608.5
15.989,20.005,45.415,63.557,73.793,1554
17.179,11.893,58.295,40.356,64.616,1393.3
-2.3447,44.51,55.638,72.255,56.473,1472.9
25.74,2.4382,45.609,82.271,58.003,1653.8
-5.4433,13.184,47.057,55.159,69.654,1351.3
12.982,9.8497,65.576,55.295,72.945,1543.2
-4.3246,30.732,58.957,39.208,71.685,1389.9
4.3979,32.072,35.174,48.959,64.854,1252.2
4.0781,4.1111,49.062,65.965,60.872,1315.8
21.233,17.147,56.001,60.817,46.514,1426.3
9.4336,24.428,62.437,64.219,71.999,1581.1
6.856,24.708,53.019,55.124,60.097,1341.5
8.311,-1.9663,46.293,62.407,51.111,1192.1
-9.9709,18.864,58.118,37.005,66.773,1325.4
3.8583,19.622,50.936,52.84,85.232,1516.5
35.667,24.104,41.374,47.346,61.245,1779.9
21.194,17.575,61.241,39.036,74.05,1575.6
-5.9308,27.421,48.604,48.862,70.669,1377
10.78,28.178,52.269,42.14,86.764,1543.4
-13.469,4.2299,51.733,59.775,67.848,1431.1
-0.90089,13.828,48.188,52.815,85.712,1480.4
10.599,17.699,47.665,64.935,69.072,1461.3
-4.0722,30.725,48.548,54.098,65.886,1367.1
24.444,8.9235,49.507,35.353,53.815,1336.7
-10.046,5.0862,55.2,53.72,57.65,1286.5
1.0304,9.8343,69.365,51.79,72.642,1466.1
-4.1384,13.712,71.483,67.202,65.587,1528.8
16.533,14.618,54.531,50.873,47.704,1279.6
-0.79086,23.814,60.311,71.232,55.828,1422.1
4.3098,19.001,49.815,52.4,57.542,1251.8
7.9353,22.028,55.439,64.771,67.8,1485.7
9.7999,24.349,51.946,47.706,81.061,1502.8
24.203,29.773,33.798,64.689,59.051,1534.4
-12.206,22.679,50.656,47.77,57.015,1292.6
-13.035,18.115,38.849,32.321,84.67,1376.8
7.6177,15.128,59.177,53.626,65.434,1392.9
15.758,46.31,35.629,47.708,56.238,1313.9
23.541,26.63,61.777,64.276,77.973,1847
15.477,32.254,55.845,49.038,36.121,1208.6
9.9383,24.053,53.744,60.661,80.215,1586.7
10,5.6532,47.067,59.345,72.761,1414.3
-12.812,25.255,59.065,55.386,46.782,1310.1
2.187,43.692,41.228,47.529,75.306,1404.6
-18.257,13.811,63.269,66.651,64.751,1610.7
6.3157,12.82,60.669,68.492,79.76,1611.1
11.683,38.06,50.38,65.06,68.905,1550.2
6.1153,22.19,37.538,65.461,64.109,1339.7
22.962,36.296,50.351,60.623,67.365,1677.1
-10.489,11.827,61.031,62.253,65.695,1473
21.096,37.6,53.412,64.262,63.807,1652.4
7.3158,22.915,54.072,59.274,72.741,1487.4
1.9302,28.636,51.443,51.184,57.913,1280.4
-7.1613,32.409,64.038,47.109,71.09,1483.3
2.9411,9.6459,54.301,68.059,49.194,1265.7
7.4131,36.137,37.808,36.106,83.35,1386.4
15.652,21.299,57.017,70.623,68.882,1620.4
6.8439,20.346,41.567,53.156,66.314,1305.6
-10.902,8.8482,60.35,30.098,73.338,1333.7
11.236,18.468,66.922,76.446,77.381,1731.6
10.544,19.122,47.001,54.956,69.715,1405
-1.2143,22.253,39.1,57.257,58.236,1227.8
5.4434,8.0822,42.925,68.302,64.584,1346.5
12.281,38.096,60.43,30.557,87.352,1570.7
15.441,1.5013,62.508,57.111,70.777,1521.9
-5.8672,1.9988,58.348,54.274,52.397,1220.9
4.7177,31.568,63.885,49.103,70.667,1475.4
4.2818,31.314,63.407,63.673,71.292,1566.6
-3.292,14.074,50.586,52.164,73.589,1384
17.677,30.538,48.954,57.015,77.04,1621.9
11.474,12.703,51.93,66.305,77.338,1564.3
2.8814,11.92,54.193,66.25,62.342,1381.7
10.838,18.981,41.89,47.461,85.81,1478.8
8.3145,32.548,42.905,59.266,84.035,1562.3
-3.4062,34.538,49.989,62.958,79.212,1563.1
-5.0691,37.843,41.344,67.151,53.057,1314
15.488,29.99,42.003,53.917,61.662,1385.9
-2.8924,24.554,36.338,63.583,67.612,1347.5
7.3721,9.5625,53.51,54.588,65.094,1343.6
15.491,38.95,39.486,46.144,71.042,1436.7
3.1585,26.244,52.302,62.363,55.179,1325.3
9.5967,35.676,38.332,53.896,87.108,1550.2
-3.8348,9.1988,49.387,58.433,66.332,1335.9
14.557,17.084,36.383,53.118,71.888,1389.7
1.7055,5.479,55.706,58.945,54.068,1246.6
25.766,-7.795,54.609,69.365,82.494,1820.9
30.257,2.5861,47.701,62.541,55.713,1635.3
22.059,13.879,36.142,36.211,64.803,1330.4
-0.37916,13.702,40.554,57.555,79.344,1405.7
15.419,18.146,45.573,45.429,58.21,1284.7
11.492,15.581,62.352,60.307,78.675,1609.6
17.139,41.095,54.256,53.209,73.342,1619.5
23.653,22.688,65.753,54.056,80.916,1824
30.207,36.513,41.254,54.273,56.375,1655.3
11.217,26.718,49.935,31.808,68.735,1298.9
7.7807,18.051,56.879,39.302,59.125,1242.1
24.355,19.455,58.026,53.897,72.373,1703.9
25.354,20.428,61.385,45.862,50.578,1498
8.1531,16.75,59.373,69.011,60.894,1456.9
7.6914,9.393,36.456,64.669,69.003,1343.7
33.024,8.5604,56.962,64.444,60.092,1838.6
3.9694,11.495,46.481,55.904,67.492,1321.3
-1.6537,33.283,49.928,48.928,79.552,1470.6
15.043,57.969,46.432,57.957,59.37,1496.4
9.0075,14.617,43.643,65.825,68.317,1412.8
25.144,17.102,53.424,81.905,58.089,1730
2.4335,22.029,46.83,48.756,66.332,1296.2
2.0305,1.3696,45.759,66.614,71.616,1385.3
-3.019,-2.4695,57.89,48.396,72.78,1344.3
-5.6921,8.3431,46.208,32.888,81.014,1298.4
15.043,20.85,40.476,64.446,50.65,1306.9
12.862,23.059,45.403,65.558,69.604,1497
15.867,11.842,55.276,74.137,62.514,1547.2
25.78,20.898,53.673,52.021,60.521,1593.8
8.575,44.99,60.599,48.837,66.32,1478.7
11.445,16.067,43.991,48.527,67.137,1322.9
11.418,-5.045,43.044,48.73,80.114,1372.7
-3.5663,29.879,47.167,54.755,53.39,1243.7
19.888,12.992,64.571,20.698,67.354,1381.1
13.188,27.068,60.924,37.936,86.375,1586.8
13.573,24.318,41.886,55.034,65.021,1380.8
5.8579,25.893,66.027,37.123,60.515,1307.7
-1.5138,34.454,51.465,66.252,63.228,1440.7
24.227,21.926,35.751,58.813,94.137,1808.7
6.6195,13.916,56.143,53.965,65.93,1371.7
9.1701,0.72403,41.199,40.004,53.896,1063.1
6.3572,15.222,38.9,42.066,65.897,1198.2
20.243,17.4,42.583,57.165,60.024,1431.5
4.3645,14.764,42.823,42.703,92.135,1456
19.977,27.025,34.836,63.575,72.846,1568.8
14.616,3.1866,57.167,48.017,64.276,1368
23.904,12.346,51.295,46.916,76.684,1628.8
14.334,26.606,46.755,36.749,72.148,1377.7
18.942,10.988,44.174,43.223,64.543,1353
3.2747,25.263,53.719,50.929,81.907,1505.9
11.148,10.965,54.659,48.086,60.19,1300.2
12.795,18.461,48.625,56.335,79.517,1534.9
27.76,16.806,40.2,59.612,63.849,1627.1
2.6261,37.476,50.766,45.963,63.489,1323.9
-6.5733,27.236,48.776,44.593,72.068,1367.3
10.062,25.157,26.818,52.192,56.879,1165
27.593,17.4,36.568,46.929,74.25,1620.2
16.448,20.767,52.779,46.815,74.018,1504.1
10.846,21.818,51.328,55.342,66.262,1412.3
0.26101,21.954,29.396,48.587,60.743,1138.2
11.299,24.088,33.166,46.009,59.648,1197.8
7.1199,32.489,46.89,55.49,76.124,1481
3.8212,43.198,50.738,33.754,63.61,1269.8
-8.8872,5.4527,65.022,45.032,66.865,1366.4
9.4209,17.528,32.553,43.748,77.422,1306.2
3.8307,33.316,57.396,50.346,72.558,1464.4
12.729,41.299,42.715,70.851,61.542,1494.7
-4.4851,16.785,36.142,61.944,60.34,1250.5
9.0175,4.8726,65.283,47.615,70.828,1419.8
2.2148,6.6204,38.63,50.398,76.066,1299.8
16.39,17.066,47.993,44.376,61.424,1332.5
9.3821,39.622,35.395,30.404,50.399,1058.7
13.413,2.9614,38.625,66.857,47.505,1206.1
22.426,4.9846,56.969,44.428,55.799,1401.1
-6.9271,9.06,46.827,43.289,65.092,1229.4
4.5307,26.365,40.296,52.325,69.447,1328.6
7.4137,9.6628,49.773,63.235,71.592,1435.9
15.72,4.2681,63.591,70.622,61.195,1536.7
-21.384,27.766,47.785,53.213,81.478,1688.2
-5.5641,30.144,59.14,53.136,79.779,1556
-5.0701,35.917,53.731,48.911,78.867,1504.9
23.899,37.741,33.324,46.106,83.064,1655
13.803,18.495,58.166,79.733,72.376,1683.2
17.122,0.89947,54.683,53.812,72.378,1492.6
13.419,20.147,57.497,60.285,59.254,1437.6
4.8078,22.872,61.791,55.616,70.319,1474
8.707,15.509,35.968,59.289,73.385,1374
-7.2647,6.7492,35.684,26.371,89.443,1277.7
9.2419,-0.20925,49.24,71.036,62.342,1379.4
19.023,20.577,68.811,53.054,77.093,1705.8
7.68,30.821,42.849,65.3,56.499,1336.2
13.446,8.7651,66.069,30.364,86.566,1518.2
-5.2379,11.409,51.447,50.13,70.423,1346.4
5.112,20.284,59.863,52.898,59.543,1339.8
9.0855,4.4158,61.442,50.479,60.199,1316.3
18.229,20.774,53.666,54.213,67.022,1518.6
6.3751,32.66,54.915,52.481,78.173,1524.4
15.314,5.2163,61.616,63.616,64.442,1508.6
2.8648,18.112,54.744,70.625,67.128,1475.4
10.003,25.826,49.593,38.157,64.912,1287
9.3175,21.105,64.721,66.556,53.069,1423.6
8.1894,25.398,63.376,45.788,82.034,1557.4
1.0159,20.503,60.288,65.996,71.952,1527.8
16.141,10.76,54.074,67.239,69.681,1563.7
-2.5467,37.365,68.317,58.906,56.324,1441.4
2.6827,27.992,33.992,55.334,72.377,1336.3
7.648,26.519,41.341,80.049,80.381,1625.7
29.714,7.3946,51.068,65.83,68.539,1794.1
6.5138,31.328,37.169,34.338,70.063,1228.8
23.473,29.97,62.957,56.148,50.742,1561.4
12.957,34.841,52.967,45.58,72.234,1478.7
-1.5734,17.589,37.522,65.994,66.432,1334.6
3.1941,29.944,38.672,41.023,66.76,1230.3
13.63,2.0301,55.328,56.762,63.269,1386.5
4.7113,22.517,50.924,55.353,68.818,1393.1
-5.1493,38.814,49.109,59.304,62.353,1399.7
10.603,13.208,45.852,58.869,87.673,1570.3
18.789,15.791,64.431,38.812,54.958,1368.7
8.5728,23.729,53.827,57.832,59.57,1367.1
0.2333,31.063,52.553,66.082,69.366,1491.1
0.048889,9.8403,32.688,44.879,57.675,1068.8
18.879,35.087,43.126,58.632,75.139,1613.8
14.179,17.082,43.119,47.018,65.318,1326
8.3463,27.186,49.086,56.822,68.992,1428.6
-6.4542,20.397,45.712,58.32,66.932,1365.7
5.3077,24.562,52.852,69.763,74.192,1552.7
-0.29975,5.3691,49.181,60.975,59.473,1269
8.1188,35.581,38.973,38.352,77.485,1356.4
-7.3157,0.25154,47.317,42.108,64.621,1195.9
24.025,1.4419,53.368,60.384,87.616,1794.6
20.772,31.009,47.433,61.893,78.742,1713.6
-2.536,23.038,37.636,54.961,84.436,1450.9
18.735,6.4223,54.17,50.62,71.007,1499.9
-5.376,31.635,43.529,72.394,70.456,1502
14.783,11.015,55.275,55.534,57.119,1364.2
10.386,17.219,35.237,37.453,72.75,1247.3
1.9061,15.014,44.32,64.887,68.132,1375.9
2.099,27.545,53.988,45.903,85.333,1511.9
6.9038,-7.2017,28.301,62.756,90.082,1421.6
-6.1865,23.029,46.176,58.345,69.169,1395.8
33.195,22.185,65.768,50.434,65.906,1903.8
7.8253,25.192,51.069,70.275,66.809,1494.1
20.815,21.307,50.185,49.238,74.812,1585.5
15.724,24.434,36.825,38.622,69.831,1321.5
21.214,16.339,50.308,53.072,58.653,1453.5
3.3847,34.161,59.324,77.614,64.38,1571.6
3.1855,9.7455,41.364,56.078,91.538,1505.8
2.2106,26.007,36.395,53.888,59.795,1218.4
-0.81841,0.01063,41.281,69.998,74.525,1401.1
-4.0661,19.788,45.348,41.507,70.113,1274.9
-5.4882,32.156,41.67,44.844,71.421,1330.4
0.21424,18.413,53.744,59.295,76.392,1481.5
1.8654,8.6966,46.935,50.483,66.585,1267.7
18.857,16.035,45.257,30.913,90.5,1535.8
0.8294,7.1011,72.603,56.444,59.871,1387.9
25.016,6.3204,47.181,58.349,68.99,1610.7
25.938,9.8759,62.605,46.969,60.28,1582.2
6.4788,21.764,33.377,33.219,54.383,1025.4
8.6132,21.469,47.512,62.973,83.404,1574.8
-9.9899,13.848,47.079,64.319,78.467,1523.1
7.9166,21.826,54.789,68.589,67.231,1499.7
9.7884,10.25,47.904,36.617,68.808,1253.4
17.167,13.47,51.131,39.374,51.007,1224.3
11.744,27.847,56.064,66.321,61.447,1491.9
12.565,22.41,57.246,51.832,57.992,1368.9
-5.7385,22.977,58.204,61.674,66.805,1463
10.653,9.7577,41.102,48.654,71.972,1323.9
18.762,15.47,47.946,51.233,67.496,1463.1
-5.5964,13.749,41.55,44.372,71.549,1271.6
20.751,27.521,52.535,51.667,73.126,1617
-0.49845,9.0281,46.672,37.726,59.536,1121.3
7.875,8.975,60.436,58.01,69.379,1446.8
-1.8242,-5.9354,49.999,65.667,73.094,1395.1
12.102,21.058,36.461,35.536,76.29,1304.2
10.747,29.491,54.848,78.947,70.719,1643.9
3.8974,27.767,46.75,59.661,54.091,1272.8
15.968,22.211,68.087,62.25,54.93,1512.1
20.605,26.046,50.747,40.04,74.869,1542.8
3.3404,6.3647,67.151,39.963,75.766,1401.9
35.608,19.957,55.3,56.411,78.532,2062.9
10.489,37.983,41.325,67.08,56.638,1384.5
-7.2408,12.406,42.733,57.299,70.094,1351
5.4675,11.972,42.198,51.294,61.639,1221.2
15.86,25.395,62.672,52.476,71.919,1584.1
12.72,37.805,47.994,49.562,61.18,1378.9
19.112,36.504,50.133,74.166,80.772,1812.1
4.5572,8.1835,40.468,46.593,74.982,1288.8
0.92307,7.5503,55.141,36.296,63.753,1196.7
20.331,2.3992,46.874,59.862,67.48,1497.5
-4.5818,1.511,35.59,44.04,73.593,1210.9
4.4056,9.8259,40.479,63.652,59.144,1253.8
8.7945,25.9,53.262,58.702,69.035,1464.8
13.033,17.755,47.175,62.524,68.316,1462.3
-0.94012,15.452,43.783,59.275,68.73,1343.4
19.805,22.143,35.614,53.137,65.073,1418.6
3.5592,15.631,41.855,62.88,57.756,1259.2
-2.841,11.643,43.688,59.384,47.605,1140.4
8.9319,12.776,40.122,43.307,52.009,1095.2
7.8044,10.436,32.653,55.096,62.119,1202.2
-10.058,13.79,71.966,49.108,40.635,1226.8
10.435,23.38,39.158,65.271,65.458,1396.1
5.5528,18.351,50.838,51.501,72.631,1394.7
-2.3025,17.499,41.809,49.587,77.129,1357
9.7506,8.3135,37.839,68.653,70.418,1402.4
29.907,18.647,63.254,48.588,76.902,1875.2
9.1446,10.459,43.623,73.289,44.086,1224.3
13.853,10.582,54.997,40.226,77.389,1440.6
11.507,30.3,60.128,31.556,67.197,1357.2
10.625,27.084,43.853,63.12,64.7,1416.5
3.3785,7.4065,45.188,58.672,74.545,1381.3
8.8956,20.876,58.162,60.788,69.274,1494.1
24.328,8.7589,59.454,71.429,73.56,1798.9
29.701,24.602,60.591,31.111,67.737,1679.1
16.529,6.1089,42.417,48.558,77.015,1437.5
-12.061,23.69,52.019,54.034,66.81,1431.4
11.373,14.782,66.829,43.568,65.073,1402.7
-14.075,23.367,61.658,54.513,77.524,1612.3
12.569,19.059,40.064,57.758,65.309,1361.8
7.5853,22.714,56.98,50.542,59.111,1325.7
23.224,13.413,56.158,79.469,77.399,1855.9
2.3512,16.58,49.754,67.26,85.064,1584.3
7.9343,21.8,53.448,44.084,78.616,1443.9
1.9941,29.51,60.482,65.181,55.403,1400.5
1.3221,1.4359,41.691,45.115,66.685,1181.1
11.156,4.3029,68.154,47.073,79.142,1527.4
4.2544,12.493,51.899,51.172,78.734,1431.3
10.149,31.679,45.294,57.331,66.684,1417
-0.75553,21.92,39.832,53.975,69.561,1314.6
12.159,17.048,63.269,44.364,81.71,1555.2
3.1566,27.339,49.505,35.056,63.125,1215.2
-7.3746,29.678,40.055,45.26,59.941,1220.9
-5.5869,17.297,62.297,68.424,72.359,1562
5.5431,25.37,57.408,63.112,78.673,1583
17.869,3.0902,43.482,70.872,54.74,1389
-1.7373,9.0272,52.472,47.78,70.97,1324.6
-3.7151,22.497,61.156,78.291,67.428,1579.7
3.3849,17.784,71.816,32.896,47.463,1160
-1.7794,13.362,54.005,50.476,57.083,1236
18.417,30.815,69.008,70.28,60.736,1685.2
15.803,21.347,57.41,68.295,73.48,1652.8
2.6376,41.753,59.786,40.184,60.071,1322.7
9.4958,13.47,48.794,46.777,83.774,1467.2
1.1024,23.608,45.435,45.525,74.865,1349.2
18.848,26.68,57.627,74.753,64.855,1678.4
-3.4221,10.014,64.703,33.55,84.589,1440.3
-4.0758,32.648,56.546,41.344,75.071,1425.2
1.1005,15.431,59.655,47.618,66.285,1341.7
15.947,22.593,42.948,59.622,68.246,1471.3
5.5589,7.3583,45.505,37.585,72.664,1243
14.437,22.889,57.629,43.259,65.683,1412.5
20.352,25.226,47.802,59.366,87.093,1751.3
3.6792,1.3943,57.9,65.226,88.69,1609.7
14.408,6.8875,57.478,46.655,68.722,1411.1
7.49,12.415,55.398,57.458,83.122,1548.2
15.521,19.192,55.421,45.126,75.456,1504.3
7.7985,19.562,58.034,62.483,62.012,1424.8
22.072,3.0364,52.438,32.033,58.855,1312.2
15.543,17.406,60.522,41.871,57.412,1342.6
-3.7867,23.521,49.095,53.234,74.721,1423.1
5.9836,18.316,44.361,47.078,73.592,1340
1.718,25.239,63.078,51.03,73.319,1478.9
-5.8787,5.4558,51.064,34.56,61.219,1147.2
19.566,30.526,70.532,53.999,76.426,1755.8
12.915,11.9,49.724,51.504,64.553,1354.5
8.9283,29.663,50.87,58.847,74.617,1515.7
14.533,25.071,59.449,53.251,75.137,1580.6
15.583,9.6963,59.753,56.381,82.122,1632.9
0.92345,-1.7625,38.254,53.73,81.338,1339.2
15.38,9.9472,46.239,49.383,71.76,1412.3
1.7461,15.612,65.184,70.234,69.005,1541.7
17.616,12.766,50.957,41.368,64.742,1367.1
4.2122,18.957,60.377,29.311,78.458,1362.2
14.789,26.173,56.976,51.144,60.904,1428.6
0.098419,43.661,52.811,68.089,69.614,1546.3
7.4764,32.286,48.411,54.692,86.492,1582.2
22.874,25.69,40.018,63.229,58.442,1515.8
23.441,25.989,51.705,51.239,65.053,1583.4
17.855,26.005,57.883,59.669,82.075,1726.2
-4.4567,37.716,49.087,41.24,58.937,1249.2
19.937,29.956,63.314,65.067,45.622,1503.4
8.8396,12.694,59.115,37.126,85.108,1472.4
23.555,28.374,46.805,58.34,68.686,1642
7.7995,22.507,55.141,61.141,70.437,1486.1
-6.7887,15.844,59.649,51.669,79.07,1506
8.9882,20.645,50.831,65.005,80.792,1583.4
22.93,28.182,54.628,61.356,72.88,1731.9
7.8408,16.891,40.074,46.767,73.811,1321.9
2.2825,0.14145,68.962,64.2,69.552,1484.5
4.3479,23.745,45.834,46.068,54.31,1174
23.368,24.114,43.249,34.821,70.277,1472.1
-4.1521,25.222,53.522,65.265,78.776,1568
8.8564,24.194,47.251,55.065,70.191,1412.6
12.144,33.45,54.103,64.225,58.254,1459.5
11.587,25.995,67.307,54.152,56.863,1432.7
23.119,15.303,48.418,33.71,74.282,1500.1
38.799,15.007,51.75,52.806,71.975,2049.8
16.629,21.627,49.428,63.168,76.082,1610.6
-6.7556,15.252,53.68,34.337,72.784,1302.9
6.7957,28.822,54.962,58.747,69.817,1477.4
16.591,25.813,39.239,87.124,79.713,1745.8
5.0668,23.736,60.491,60.946,76.523,1560.5
0.81649,-4.747,39.455,78.255,57.571,1271
12.122,17.545,65.85,47.607,65.693,1444.2
1.1735,27.679,50.802,54.862,53.82,1257.8
9.1572,3.4358,44.617,46.485,80.66,1378.4
19.111,11.651,40.242,66.969,52.953,1376
24.199,12.461,60.616,54.688,87.304,1836.6
20.228,14.562,70.97,59.114,70.16,1695
13.745,21.218,38.602,51.332,72.311,1398.1
22.887,32.449,50.268,51.013,77.099,1693
-7.245,20.755,60.218,55.054,58.022,1354.6
21.135,16.116,34.642,53.504,66.279,1432
9.7715,13.524,56.594,54.809,77.884,1511.5
16.642,29.047,43.617,35.736,56.149,1245
4.7746,8.2496,51.536,48.99,76.432,1383.4
1.7439,38.617,48.18,67.052,67.148,1475.6
7.0378,4.2039,51.857,56.684,65.343,1330.5
6.2257,18.535,50.477,59.924,68.719,1413.1
23.021,8.9411,38.222,52.502,68.206,1479.6
25.732,13.088,51.036,54.512,61.622,1578.7
10.22,10.978,42.448,54.409,77.581,1419.1
19.416,21.783,65.995,51.752,71.884,1643.6
21.053,29.197,62.619,54.16,83.311,1796.5
-10.532,19.334,47.411,53.052,61.912,1324.2
1.7352,9.3253,52.363,48.672,72.705,1346.4
23.627,19.081,58.628,64.341,53.146,1578.7
13.266,17.648,69.37,51.221,72.292,1561.5
10.445,34.867,63.131,46.752,71.329,1511.4
23.991,10.218,36.933,42.126,73.9,1484.1
-1.7743,37.646,55.845,74.935,56.374,1467.7
5.0033,25.509,68.496,49.703,63.229,1420.3
17.569,20.419,48.551,44.81,62.683,1378.3
14.946,17.622,52.881,65.197,78.146,1626.6
2.6624,24.676,42.731,53.754,68.358,1330.6
9.6796,32.183,47.292,70.603,61.249,1458.8
29.085,18.743,52.028,48.12,59.095,1620.9
14.779,2.4035,52.162,53.741,51.368,1255.1
17.555,18.1,57.274,46.302,71.739,1514.9
2.3152,1.0522,40.903,45.309,93.144,1421.8
-0.97526,22.724,57.873,43.162,76.853,1423.2
0.049509,20.23,41.029,53.682,63.563,1259.1
6.0972,21.713,36.045,55.173,70.144,1320.8
24.462,25.185,66.064,40.528,69.353,1660.1
8.7807,29.256,44.367,55.736,64.424,1361.7
1.421,33.04,51.788,46.429,59.145,1276.9
3.613,5.3958,45.867,55.087,65.217,1271.6
22.95,23.183,55.175,47.937,62.33,1539.3
7.9716,10.739,44.734,61.612,63.353,1327.4
-4.1735,10.908,51.27,57.3,61.927,1305.8
9.976,23.948,53.734,40.749,82.955,1487.7
9.7541,14.228,51.029,42.017,73.873,1364.1
2.8994,22.875,75.866,35.203,74.452,1461.1
18.068,3.7518,41.13,46.226,63.812,1310.3
9.6541,21.251,34.217,53.128,59.838,1226
5.953,15.656,49.491,62.595,61.124,1343.7
17.642,14.349,37.955,53.118,65.726,1378.1
9.0386,31.275,43.1,40.866,65.58,1280.5
14.902,20.647,47.474,30.225,70.988,1319.6
22.052,17.139,47.601,76.106,81.777,1812.8
26.69,30.216,52.675,49.11,58.862,1604.5
9.0138,22.717,44.17,44.802,69.808,1323.7
30.926,19.516,56.88,53.905,82.581,1953.5
22.706,16.933,34.691,51.081,49.852,1299.2
-7.51,23.182,49.055,61.312,59.022,1346.3
14.63,13.839,43.809,65.192,68.077,1464.5
6.7136,14.862,55.488,71.494,41.387,1254.5
3.4384,22.708,55.999,56.989,57.256,1322.6
-0.45911,19.091,39.053,61.443,57.412,1235.7
1.4411,27.223,52.632,46.325,78.867,1445
19.848,24.966,51.321,57.878,63.382,1534.6
23.949,8.9164,36.992,43.52,56.691,1329.7
2.5969,29.784,34.067,62.882,63.474,1307.1
9.5696,24.098,59.919,43.49,68.883,1408.5
9.3319,27.579,51.117,55.942,70.664,1459.5
0.3796,16.524,51.549,42.838,63.47,1241.2
1.1965,33.337,41.321,62.675,80.62,1515
1.4212,22.908,41.035,57.304,65.421,1308
10.5,19.439,42.809,76.493,80.718,1616.5
12.726,23.133,44.087,54.208,67.61,1398.8
2.1698,21.246,44.571,62.972,51.004,1227.4
3.5738,16.063,47.314,61.614,63.816,1340.7
16.343,26.422,51.407,78.75,66.33,1640.2
-5.1794,27.421,24.832,67.968,61.245,1265.6
10.444,20.106,56.602,45.407,47.306,1197.7
4.0695,15.632,54.701,60.452,56.587,1310.7
-14.549,37.774,62.348,40.127,77.326,1575.4
28.831,31.565,40.533,44.855,68.355,1651.2
15.151,32.136,55.124,48.993,69.013,1502.2
30.039,25.304,60.484,46.729,73.076,1836.2
9.7454,22.418,49.609,53.349,63.46,1355.7
4.8431,16.098,38.422,52.579,68.943,1284.1
19.709,34.181,52.012,56.201,71.312,1627.2
13.709,15.116,54.101,48.987,70.137,1435.4
8.7635,20.184,33.345,43.357,51.175,1069.5
6.6608,12.509,62.422,70.571,53.776,1396.1
13.934,4.8339,51.76,46.759,71.879,1394.8
6.0523,28.18,37.501,58.837,68.46,1356.4
12.979,35.17,49.707,30.818,46.68,1133.4
12.413,23.589,43.082,58.359,83.255,1560.8
16.936,26.358,53.819,59.503,80.092,1669.8
20.373,7.4827,52.348,60.39,68.642,1560.1
8.8158,29.376,39.829,56.898,77.604,1464.3
17.838,19.682,44.997,57.703,73.465,1539
12.09,22.876,45.395,59.371,55.777,1321.9
23.653,17.328,44.223,54.233,63.607,1522.4
11.273,28.856,58.87,57.978,49.087,1340.9
-6.2165,19.353,39.844,58.378,71.457,1368.6
28.027,5.4528,24.018,63.261,75.991,1638
21.986,8.832,56.838,54.863,87.088,1756.7
9.3884,23.834,51.801,57.686,64.107,1402.9
7.4347,20.58,42.5,69.356,74.68,1493.6
21.988,23.175,40.949,50.325,44.739,1289.1
14.636,23.194,59.849,52.854,59.977,1436.4
5.6632,17.781,61.185,61.735,69.096,1485.6
34.789,21.137,50.503,63.196,49.829,1790.5
-0.54811,34.328,74.322,72.095,66.073,1636.6
4.491,7.4937,60.223,50.302,73.444,1411.7
28.663,24.461,49.906,52.666,68.004,1725.6
2.6105,8.9527,59.411,57.167,66.903,1388
8.1578,14.484,44.731,50.188,62.041,1257
28.361,30.512,48.082,46.751,74.292,1746.9
18.956,20.127,33.107,58.759,66.821,1434.1
6.5491,8.7722,60.312,50.76,79.541,1485.3
3.8213,24.535,43.484,51.524,64.614,1289.6
7.049,23.736,48.898,53.373,73.293,1426.1
-8.4675,19.088,51.922,55.89,92.939,1636
11.158,15.344,37.357,52.875,70.04,1332.6
-6.0867,11.979,40.237,38.825,64.156,1158.3
8.8607,24.874,45.607,61.906,58.689,1341.8
4.2368,23.551,52.561,65.532,74.323,1518.2
-0.18811,34.648,45.046,57.646,64.217,1358
9.1514,29.151,48.548,66.432,69.991,1506.9
16.213,17.568,41.173,46.349,60.881,1298.6
6.477,25.531,43.567,46.441,77.527,1392.6
4.738,9.5038,47.574,48.732,69.45,1297.9
14.272,23.587,60.503,59.287,60.689,1483.4
19.163,17.952,56.611,27.218,59.968,1309.6
7.0527,6.3426,62.286,71.013,71.005,1540.1
-2.4815,14.715,72.537,51.873,83.813,1605.5
-4.8917,34.288,49.985,52.828,78.972,1502.5
14.322,16.532,42.234,55.146,78.169,1489.9
15.554,2.1765,33.664,70.94,72.125,1454.4
-0.78314,32.554,66.206,40.738,86.055,1572
6.0809,22.955,38.707,62.425,58.598,1279.1
12.285,20.811,61.19,57.965,65.714,1493.4
2.4077,22.437,40.657,48.228,71.915,1309.2
5.4176,8.1343,45.819,39.434,83.118,1354.3
9.5815,12.622,64.829,51.078,60.738,1374.4
-6.7062,10.782,60.975,60.939,75.047,1518.4
12.983,23.404,46.137,46.732,67.144,1363.8
11.245,11.818,58.02,59.202,70.282,1485.8
35.918,45.928,61.014,57.09,69.064,2103.6
9.5052,17.078,51.68,57.349,47.98,1231.7
6.0217,24.384,50.958,53.331,45.046,1173.8
18.789,22.737,54.763,44.042,73.439,1536
13.872,12.91,53.283,59.455,80.018,1582
-0.47893,14.85,34.653,43.784,55.115,1065.5
-2.8734,12.822,57.337,47.952,71.001,1368.7
4.1422,29.888,40.455,44.934,61.601,1220.6
20.156,12.673,44.589,59.001,54.544,1388.1
13.731,29.8,60.698,56.191,61.319,1483.5
5.6507,22.483,47.525,63.107,84.827,1573.1
11.87,22.556,50.909,49.776,65.598,1381.7
18.709,13.018,50.99,43.764,83.584,1574.2
11.017,28.201,54.649,58.718,71.19,1519.6
-4.0009,16.629,54.256,58.013,104.71,1738.9
16.35,25.129,60.272,53.964,79.39,1654.3
19.171,27.544,45.782,53.251,53.675,1379.9
17.195,26.078,59.498,46.195,42.581,1277.8
23.512,20.653,26.87,54.806,56.928,1369.6
1.921,13.643,61.323,56.52,66.787,1407.2
-3.6015,30.474,40.546,40.163,80.556,1365.9
5.8858,13.026,34.618,43.193,52.27,1045.2
13.687,7.3519,46.838,53.317,78.126,1469
-0.95136,24.59,46.148,40.079,62.861,1211.8
2.2921,34.273,29.892,30.051,81.795,1259.8
21.56,19.68,58.307,65.685,56.49,1576.2
3.269,11.289,52.562,55.558,48.259,1174.9
7.2051,22.793,47.814,48.084,70.721,1361.1
25.992,13.491,57.843,46.442,57.343,1536.3
20.39,16.888,41.382,60.059,65.973,1498.3
20.743,25.116,50.553,56.518,70.71,1605.7
17.188,35.576,36.896,62.541,55.216,1392.3
1.4041,29.387,47.341,65.206,61.755,1380.6
1.707,12.556,57.428,46.319,67.654,1325
-1.7058,32.429,51.498,45.872,90.486,1558.9
25.49,11.019,42.367,61.503,79.15,1720.8
9.5013,19.383,53.263,54.081,77.73,1501.7
4.5147,12.35,37.39,69.583,58.943,1279
22.831,16.039,57.317,63.823,76.562,1757.6
15.282,34.508,39.342,43.924,70.446,1400
-7.3253,22.25,33.658,71.823,70.959,1427.1
18.161,14.729,60.786,34.721,82.458,1561.4
-3.8685,44.808,39.53,60.886,81.418,1542.1
16.127,19.119,66.297,70.319,65.323,1640.4
15.778,28.604,40.877,54.481,84.481,1592.7
4.9076,21.917,44.222,75.597,63.823,1432.8
12.617,35.957,57.268,58.461,74.689,1606.5
14.149,22.695,49.314,48.227,78.614,1509.4
5.6732,21.787,35.365,61.548,72.596,1377.1
-18.206,6.2781,48.647,57.424,74.742,1535
-4.2536,20.74,63.053,33.687,38.642,1044.2
29.649,29.279,38.798,60.742,67.345,1745
19.731,19.856,57.502,51.963,65.763,1538.1
19.96,9.9283,38.256,58.253,71.851,1493.6
-5.049,5.0392,46.541,58.071,66.769,1312.9
1.6131,19.309,64.18,53.624,66.356,1419
14.054,10.379,43.912,54.888,64.161,1346.8
1.5386,29.747,51.524,57.842,86.323,1586.8
-4.3018,15.226,38.902,60.887,74.794,1387.7
16.889,14.06,53.66,56.792,65.825,1481.9
17.051,20.532,34.234,48.682,68.114,1360.5
3.6302,25.649,36.658,57.564,77.658,1410
-8.658,18.101,53.775,48.354,68.882,1376.8
7.5994,-6.8898,42.689,56.664,60.396,1200.3
28.726,24.516,54.501,65.64,75.199,1901.5
20.638,17.077,62.599,43.519,73.456,1594.1
27.489,1.106,59.902,58.122,47.892,1531.7
1.132,35.198,42.409,68.23,59.017,1362.8
13.536,26.245,59.73,39.721,68.854,1431.2
-15.316,10.578,27.813,51.719,83.347,1426.1
18.273,24.683,48.596,52.949,67.804,1500.8
8.1101,5.1585,46.754,51.578,68.105,1304.3
12.489,13.972,48.352,63.182,90.623,1660.9
12.319,14.906,59.845,38.872,62.284,1317
5.9303,25.155,35.525,40.62,67.465,1212.1
-6.6943,26.691,43.044,64.921,62.659,1372.6
16.116,21.924,48.367,40.609,75.769,1454.3
18.887,18.404,50.992,54.941,53.944,1390.5
6.4639,38.942,47.474,62.167,65.661,1445.6
-9.8742,8.0285,62.335,49.732,62.652,1357.3
-5.9391,13.167,51.339,69.783,63.77,1416
21.69,22.664,51.085,55.221,73.757,1639.2
-2.685,10.57,56.297,30.746,79.73,1328.3
7.2134,15.677,50.769,58.915,85.349,1558.8
9.0306,22.718,61.656,58.39,72.27,1534.1
12.465,17.542,46.33,44.317,66.315,1318.3
18.114,15.863,37.679,52.224,74.213,1461.3
22.664,13.787,30.967,68.045,65.342,1515.1
4.0402,21.958,53.699,47.352,71.094,1376.2
-0.36255,-8.6844,65.045,58.47,60.896,1316.5
28.146,34.916,64.636,50.713,65.681,1797.9
17.505,26.153,38.134,35.985,88.662,1517.9
1.3804,11.908,55.512,72.173,80.42,1590
14.178,0.48584,57.212,46.353,63.334,1335.3
5.4205,13.671,43.47,39.724,68.708,1226.7
3.2021,23.412,31.895,55.922,73.476,1325
16.041,7.6566,45.172,26.082,63.289,1184.9
27.018,23.135,56.077,33.189,60.419,1525.7
-0.45423,16.138,34.245,52.985,63.58,1202.4
14.161,-2.6532,55.921,49.723,84.403,1532.8
12.756,21.419,62.93,61.226,45.833,1348
9.3572,24.105,46.926,59.19,73.505,1470.7
7.5498,7.2513,46.016,56.323,60.069,1258.1
21.414,2.8836,74.194,55.47,61.175,1594.5
5.8139,28.754,60.514,50.298,57.931,1342.2
2.1682,1.2599,60.243,64.937,73.85,1480.6
19.379,23.766,44.447,68.349,72.306,1629.6
-10.31,34.421,47.455,55.94,51.39,1290.1
-2.8237,21.367,55.5,34.915,63.37,1232.5
7.188,19.19,54.359,36.876,67.713,1290.8
17.697,11.403,39.439,47.934,64.996,1339.6
17.791,29.197,52.375,56.708,64.988,1526.8
5.6144,12.341,59.803,54.08,56.164,1293.6
7.5447,42.575,52.72,45.97,75.35,1482.7
21.928,29.933,57.132,62.343,69.525,1707.3
1.1905,12.611,49.386,48.69,72.7,1338.4
10.174,13.503,61.913,53.266,77.017,1528.7
25.287,0.52625,30.277,51.984,67.327,1444.4
6.5173,17.063,36.287,56.481,65.106,1272
4.291,15.563,58.892,53.963,62.138,1346.6
5.2407,13.21,58.253,45.734,58.677,1256.5
16.934,8.2488,65.508,58.033,69.642,1577.2
30.805,18.811,55.191,55.371,72.807,1857.2
16.813,25.891,45.303,49.302,61.959,1385.8
11.426,53.635,37.678,48.281,77.582,1496.2
13.86,36.843,58.292,48.85,60.633,1440.6
17.62,24.775,40.115,52.742,64.878,1412.5
7.6397,13.324,61.842,62.14,62.154,1426.1
15.032,9.6547,22.819,58.089,84.21,1437.7
3.37,20.571,35.669,74.755,63.355,1363.1
0.7684,6.5132,44.55,54.752,45.335,1076.5
-0.17588,11.462,48.863,42.464,63.307,1205.8
0.37777,23.074,63,45.613,74.163,1444.6
19.891,20.906,48.092,73.957,56.26,1538.4
5.5478,35.487,50.899,59.655,56.728,1352.3
17.262,17.516,46.057,50.346,71.925,1469.5
3.0984,19.372,55.793,79.919,61.056,1488.1
-3.6071,23.676,53.759,45.604,71.306,1371.4
13.032,10.314,51.618,51.188,61.398,1331.1
2.0901,21.093,54.809,78.909,59.665,1466.1
18.469,24.327,61.006,49.608,69.171,1567.8
8.7044,26.798,43.704,47.376,70.447,1353
16.211,12.782,53.019,47.32,74.978,1489.4
-2.6369,26.251,51.941,38.636,83.657,1436.3
-1.8477,33.902,57.324,49.105,70.961,1438.3
10.984,39.587,40.167,60.162,61.631,1390.2
-6.9231,23.074,49.113,69.073,95.065,1722.9
2.8002,14.827,34.537,58.773,82.205,1411.1
6.1209,28.327,46.352,52.876,75.284,1435
7.5084,20.354,51.68,68.629,47.176,1289.6
9.5022,21.237,53.823,61.955,65.334,1445.7
14.256,45.592,63.547,48.658,57.736,1475.6
2.5821,15.151,43.173,43.168,74.235,1291.7
16.916,8.8122,63.487,67.133,64.088,1572.4
20.521,12.734,59.926,51.902,77.827,1655.4
0.64531,3.8017,53.555,46.021,71.956,1311.8
7.4066,7.9328,67.874,43.778,65.955,1363.9
2.003,30.708,54.53,41.93,83.017,1478.6
14.498,3.9223,53.194,56.066,61.014,1365.5
31.142,23.888,70.438,38.168,66.823,1809.6
22.923,28,45.899,59.849,59.834,1550.3
29.18,7.1302,56.991,44.837,54.242,1551.6
2.5205,22.667,66.084,55.22,56.547,1361.9
16.095,17.522,60.744,58.767,60.703,1487.7
-2.6192,23.125,34.8,51.79,88.532,1452.6
-1.8193,18.591,50.689,65.22,45.578,1218.6
10.687,7.9395,27.894,47.439,63.458,1154.9
-0.51776,12.66,59.073,71.238,60.843,1426.4
13.509,30.14,49.11,69.06,84.176,1704.4
-4.7678,24.698,59.963,47.928,48.174,1216.9
-4.4704,16.452,56.984,76.826,54.287,1409.1
25.829,22.622,48.694,58.697,60.966,1616.6
0.17924,23.351,51.623,50.062,69.842,1366.3
10.197,-3.54,57.019,47.376,59.59,1250.3
24.909,17.956,50.796,57.77,67.416,1647.4
10.832,18.92,39.537,55.027,53.875,1217.8
13.263,20.261,47.432,46.029,68.878,1376.6
1.1114,38.55,53.286,49.96,67.149,1398.1
5.9115,12.425,64.475,48.412,87.605,1577.1
10.902,28.267,47.035,48.373,63.233,1336.1
7.2437,18.853,50.951,63.363,57.442,1340.6
28.671,13.426,62.375,37.09,82.868,1804.9
12.356,11.229,44.307,55.501,82.795,1507.2
4.3237,20.168,66.838,60.845,60.423,1434.9
22.819,25.709,42.371,51.919,88.993,1739.5
19.314,32.355,60.688,42.511,77.035,1633.1
11.203,24.323,37.32,57.211,74.505,1428.7
10.004,38.405,48.9,49.792,83.029,1561.2
8.0668,20.428,55.337,58.027,79.203,1544.1
15.348,31.063,49.882,77.642,58.424,1551.8
14.735,8.1917,48.568,65.929,67.418,1475
-7.0455,31.043,22.855,52.159,58.951,1155.7
40.836,25.28,66.492,44.559,66.425,2138.2
30.532,32.048,32.774,46.521,53.371,1524.4
29.92,13.097,46.46,56.146,78.633,1822.6
9.6212,22.546,57.18,40.182,68.219,1361.3
-7.4532,32.889,40.648,29.943,69.249,1225.1
21.622,35.448,47.849,53.326,66.709,1581.6
20.336,22.558,58.063,39.457,72.74,1546.9
-5.4153,43.574,64.115,73.844,68.31,1649.5
-0.090091,26.329,54.402,70.229,70.301,1521.8
14.056,18.792,63.475,71.877,74.592,1689.9
23.219,24.134,54.047,64.006,59.442,1614.7
-8.1431,27.575,61.76,57.116,66.684,1483.5
9.683,40.851,49.218,44.372,76.681,1475.5
-1.0879,31.964,68.349,42.465,64.508,1395.4
6.9376,2.3334,51.3,75.052,76.14,1534.8
1.9695,12,51.211,54.753,69.021,1352.3
8.5392,8.2366,50.977,65.403,42.836,1195.3
6.0677,32.142,36.329,69.731,64.876,1396.7
9.7968,25.664,58.675,48.259,78.761,1528.7
15.537,21.175,65.441,38.62,85.758,1623.9
9.4152,17.562,71.416,48.933,47.927,1295.6
24.92,14.292,59.709,56.47,49.265,1513.5
-2.1403,13.096,61.059,51.94,72.848,1431.6
16.18,16.875,48.13,40.725,67.37,1361.6
12.455,12.545,58.267,58.591,46.786,1282.1
5.068,24.058,37.62,51.439,50.271,1125.9
15.13,31.433,47.899,51.325,72.873,1507.3
8.6123,10.176,62.039,48.701,64.125,1358.9
3.0263,21.545,63.781,56.021,55.082,1337.6
8.4003,25.227,38.554,44.545,60.265,1204.1
11.088,33.996,61.01,52.778,73.53,1560.2
-10.948,29.987,45.357,52.35,72.296,1440.3
-12.636,29.304,45.836,73.25,54.786,1427.8
14.295,25.7,50.316,40.335,52.98,1241.1
0.32932,29.777,45.042,53.089,53.936,1219.8
9.5388,18.651,47.314,56.308,57.069,1288.3
13.67,36.346,63.497,68.204,62.752,1607.5
10.484,20.837,39.125,61.54,81.441,1512.4
32.553,4.2941,36.237,50.334,63.848,1636.3
30.561,18.769,57.89,44.12,76.854,1833.4
-7.6967,20.518,54.948,44.872,70.242,1374.9
5.3314,18.793,54.945,56.482,53.338,1272.5
9.4367,16.331,42.618,71.448,57.24,1348.6
5.2173,9.6622,41.306,55.966,62.939,1248.7
25.049,27.015,45.106,65.988,40.287,1446.3
11.279,9.4129,42.71,47.621,63.516,1254.1
4.5807,30.18,44.757,45.867,79.795,1421.9
1.6557,35.98,56.845,58.244,83.656,1615.5
-2.7874,19.365,68.17,38.927,54.551,1244.6
25.806,36.13,43.952,67.021,58.787,1661.7
11.267,29.75,49.86,63.332,66.121,1480.8
-1.8906,25.046,45.352,56.466,75.588,1429.1
-11.591,28.506,46.503,47.805,51.325,1227.4
5.0282,34.658,61.92,46.997,64.024,1400.4
23.678,30.578,52.453,62.17,74.021,1757.7
29.885,34.985,41.628,53.47,76.096,1820.8
3.3924,10.804,56.912,61.832,56.831,1317.4
13.177,4.6739,48.266,54.996,77.606,1468.7
-4.8191,21.799,53.487,62.363,63.235,1398.7
11.648,26.593,44.672,53.152,82.558,1532.3
15.073,25.892,49.564,59.957,75.718,1579.2
7.8857,9.727,40.604,74.494,62.861,1375.2
9.4697,22.412,37.908,60.299,71.518,1402
6.8135,19.743,57.504,48.772,63.674,1345.7
6.1104,15.967,57.307,75.068,81.745,1659.2
10.169,7.5049,52.339,44.505,55.379,1199.9
21.507,38.579,32.224,54.657,28.221,1150.9
11.643,30.465,26.341,54.447,60.64,1242.5
9.8921,25.575,51.897,49.089,58.475,1307.7
15.205,23.948,54.214,67.968,79.192,1684.3
10.008,35.014,40.276,53.415,76.612,1463.5
-0.52873,30.318,60.403,44.422,90.429,1594.1
13.452,20.067,65.505,49.821,49.317,1328.1
24.34,16.71,34.898,48.459,54.782,1363.1
-5.5209,33.224,36.88,29.972,62.579,1131.5
19.573,8.6144,39.687,57.584,68.014,1451.6
37.252,21.722,51.254,61.899,59.456,1956.5
0.18607,12.809,43.869,48.435,66.294,1245.3
10.434,33.246,56.41,60.426,75.445,1589.8
11.408,20.877,47.197,54.586,57.242,1302.9
16.998,7.1008,37.461,66.883,69.525,1463.7
5.6136,34.616,54.654,31.723,62.504,1251.1
18.68,26.45,44.653,69.294,74.478,1653.2
5.078,14.141,46.944,53.314,49.494,1154.7
1.6591,21.585,43.881,46.508,89.571,1476.1
3.3711,36.598,26.233,55.304,58.71,1193
19.199,19.731,50.361,48.966,53.593,1355.7
6.3358,35.423,59.653,37.416,67.195,1365.6
0.040855,18.201,41.232,52.691,52.505,1146
26.957,24.542,46.449,71.19,71.231,1808.3
13.68,13.764,57.547,36.774,67.228,1348.2
1.0118,-7.4747,57.512,63.354,59.692,1295.7
3.9455,28.969,33.851,45.282,62.06,1184.5
13.979,17.701,59.664,58.962,63.243,1478.1
8.3615,20.16,55.11,51.169,58.143,1307.3
20.702,16.64,41.312,48.339,62.214,1395.2
13.53,20.977,59.107,66.237,91.346,1783.6
7.8705,28.256,40.306,42.623,68.448,1283.3
9.7566,11.384,45.487,46.12,60.038,1220.9
6.5293,23.175,47.343,53.716,75.301,1432.7
7.0195,25.975,45.493,58.1,67.393,1387.9
-2.3136,27.391,36.268,58.001,73.944,1378.1
16.919,13.919,40.172,45.652,60.377,1282.9
-11.252,11.871,45.144,63.692,70.539,1440.6
5.3811,27.219,65.689,46.303,50.908,1276.2
5.1286,28.793,66.651,64.477,64.028,1519.6
9.9853,-10.122,38.481,62.342,64.707,1259.4
3.7348,29.06,61.268,53.585,64.26,1417.5
0.78675,42.414,48.152,53.389,56.604,1303.8
0.35336,19.995,39.12,52.314,70.624,1303.7
-4.0903,31.574,51.369,67.684,61.751,1433
28.198,23.958,60.564,58.594,71.249,1841.8
21.52,45.945,51.681,40.282,73.088,1612
16.763,9.1532,51.396,41.323,52.467,1232.1
26.604,12.829,53.945,53.274,56.851,1563.7
19.61,0.037333,36.729,43.973,93.552,1558.7
7.2821,17.265,32.25,61.345,56.661,1206.1
3.9305,27.109,47.103,45.866,72.486,1356.4
7.8628,23.699,42.16,55.433,80.189,1468.1
11.877,31.321,58.102,53.524,62.193,1443.1
-3.7592,17.501,43.187,46.748,62.12,1213.1
2.2471,14.663,52.882,51.572,60.041,1268.3
24.609,10.593,57.599,49.855,70.361,1635.9
8.8592,31.822,48.981,58.485,64.585,1416
12.123,2.3304,61.019,55.003,73.122,1483.3
33.558,30.58,44.572,32.946,66.449,1711.7
10.73,13.832,52.428,51.183,55.843,1271.1
7.414,21.29,56.404,57.154,57.198,1340.4
-16.392,21.787,41.505,51.896,66.519,1402.7
-3.9825,42.655,63.336,51.367,71.948,1529.5
16.04,25.274,50.201,35.425,77.687,1459.7
-1.494,28.506,59.631,56.159,69.051,1461.1
2.957,22.138,60.157,51.18,49.462,1236
20.15,31.456,60.597,55.392,65.819,1621.5
18.533,24.979,37.832,61.914,68.012,1500.5
-3.6292,41.637,37.607,62.912,67.505,1404.7
9.4255,8.3179,55.001,35.148,59.609,1192.2
1.2826,16.098,63.308,63.364,60.716,1412.3
6.1281,8.3825,58.53,60.874,68.878,1436.1
14.253,7.2065,33.114,56.51,64.76,1291.6
18.171,18.072,39.91,68.865,80.352,1642.4
1.448,15.21,45.913,53.073,77.067,1393.8
1.7019,10.46,50.355,52.031,71.632,1349.1
7.2335,10.374,47.587,58.632,62.814,1314.6
-0.59422,12.877,34.735,33.354,63.083,1068.3
2.5552,21.087,60.614,58.977,82.645,1588.7
8.7651,17.306,62.396,55.32,75.379,1529.1
5.3081,20.319,49.203,70.215,68.965,1472.8
7.1273,-3.0492,54.203,55.486,75.777,1411.2
6.5853,25.131,53.856,44.074,64.769,1320.3
18.204,13.574,49.014,58.431,82.097,1633.7
19.244,24.102,61.93,59.034,55.625,1519.6
16.633,27.448,47.458,71.592,71.387,1626.4
-3.2623,15.127,38.813,66.575,69.547,1370.5
9.7657,17.533,27.468,61.752,76.01,1378.4
-9.0219,26.353,51.833,64.947,80.613,1605.1
-0.91006,38.344,60.165,48.938,85.306,1598.7
11.615,24.702,57.631,55.157,71.748,1515.4
10.29,22.912,42.113,52.282,75.026,1417.8
-30.873,17.239,34.544,65.999,70.09,1773.9
20.104,25.879,34.891,56.94,64.848,1452.9
19.735,27.18,53.409,63.798,71.396,1662.4
16.518,37.516,44.286,50.979,70.06,1496.3
7.9382,-1.4681,43.598,53.918,59.959,1203.6
20.201,25.764,69.475,44.838,51.94,1463.5
16.277,28.9,52.691,62.037,81.633,1691.2
-5.8393,2.4852,46.312,62.991,78.224,1443.7
2.4206,24.518,62.062,69.454,66.339,1522.6
3.2159,14.114,52.155,50.235,54.501,1205.3
17.169,21.62,38.394,52.56,54.438,1288.4
8.5858,14.331,45.664,62.103,73.267,1442.9
8.0072,2.4733,43.192,56.4,60.118,1230.8
-4.4768,21.889,41.619,56.972,51.82,1189
8.218,25.888,43.366,60.691,54.885,1284.2
15.898,28.569,46.47,56.788,91.64,1707.6
-2.7697,22.118,50.048,45.563,76.174,1386.9
10.586,11.146,51.672,54.634,73.329,1439.6
8.0307,29.099,64.046,32.103,74.966,1421.2
7.7836,23.324,62.956,61.82,78.356,1611.7
26.895,30.713,45.532,55.321,83.011,1830
-1.7623,30.033,53.942,72.793,65.043,1499.5
13.286,35.121,65.053,45.279,53.162,1377
6.5035,27.783,47.282,51.375,56.457,1258.2
-2.3483,12.427,28.147,53.031,73.041,1244.9
31.564,15.95,35.92,53.622,75.12,1766.4
12.757,27.597,57.018,50.079,71.863,1502.5
4.4164,21.692,49.293,49.896,53.86,1208
5.6164,11.181,46.289,55.178,73.668,1378.6
3.6421,34.859,38.935,55.795,72.168,1390.2
16.465,4.6973,39.199,58.148,73.281,1438.7
26.023,17.902,46.999,49.718,68.899,1613.7
16.708,14.168,72.588,53.545,67.323,1584.5
10.384,25.708,51.404,59.367,48.559,1282.4
10.022,12.471,50.033,48.81,60.989,1278.9
8.5168,21.028,40.315,59.603,73.048,1414
-1.9277,15.529,71.433,57.895,66.135,1475.1
25.123,25.454,36.75,40.013,88.499,1676.1
11.856,17.285,42.203,69.332,66.695,1446
1.192,19.166,58.112,54.489,67.032,1394
20.263,23.069,59.27,48.071,72.25,1603.5
11.048,11.641,47.557,51.686,64.568,1322.3
3.9524,23.743,59.39,50.557,69.43,1419.5
8.1157,25.681,71.31,43.414,62.934,1413.7
6.1152,35.202,54.544,44.919,74.065,1443.6
15.45,20.7,51.972,49.044,63.148,1398.7
8.0208,32.135,57.963,49.9,66.893,1431.3
12.237,31.641,71.657,41.524,52.401,1362.8
16.613,23.884,64.316,35.757,61.891,1403.4
9.1987,22.181,72.104,58.76,68.524,1563.1
-2.7623,15.53,50.376,59.888,67.627,1379.1
15.621,25.763,32.256,55.651,73.964,1441.5
12.223,21.924,54.913,56.105,77.661,1557.6
2.6605,28.271,63.693,46.662,68.99,1426.7
22.681,39.052,60.084,53.189,70.102,1716
-5.576,36.85,39.224,50.618,72.79,1379.5
25.486,32.672,45.585,57.542,74.657,1740.4
28.246,22.706,46.993,53.697,69.354,1711.3
22.618,37.758,59.422,45.386,68.238,1641.1
13.201,21.996,53.895,55.913,65.833,1452.8
5.5375,10.039,44.966,54.219,65.295,1283.8
12.519,11.037,55.347,64.101,86.307,1659.3
12.913,28.713,47.271,46.028,60.914,1324.3
5.5713,21.206,59.904,59.854,72.772,1510.3
5.7853,11.427,51.159,57.393,44.613,1155.1
9.8258,22.784,49.668,67.631,80.736,1606
13.049,32.722,44.707,59.634,71.109,1501.9
18.841,26.034,58.791,49.588,59.166,1473.9
-4.2268,20.461,53.866,55.015,59.022,1309.8
14.342,7.9194,37.245,45.991,75.153,1349.4
-4.4082,14.961,34.727,60.204,63.453,1254
2.7001,24.529,50.441,49.859,70.589,1371.9
25.964,20.242,34.267,47.951,70.323,1546.7
-5.4925,10.374,53.531,77.443,60.223,1433.1
17.869,25.168,43.758,59.226,77.014,1591.3
16.774,40.66,44.356,37.815,43.725,1185.7
3.1472,21.833,64.057,74.691,79.868,1685.1
17.845,14.821,60.808,60.005,57.877,1488
21.633,30.307,35.837,46.162,79.395,1567.4
20.931,21.557,45.768,53.359,49.539,1355.4
-20.722,18.862,55.079,72.723,62.36,1636.8
0.064773,19.415,39.375,55.444,62.853,1251.3
21.039,29.6,54.84,40.156,81.875,1651.1
12.738,28.133,51.029,46.697,72.847,1456.7
-16.954,15.876,20.37,39.323,73.444,1253.8
10.565,16.575,58.465,57.127,72.558,1504.5
3.88,30.205,45.262,54.924,70.167,1390.1
-0.17562,25.078,29.855,35.385,75.575,1204.8
7.4879,30.407,47.448,71.748,60.285,1435.7
8.8316,27.719,48.894,66.819,71.956,1522.5
-1.8887,28.608,58.875,60.466,66.46,1460.5
12.375,24.289,54.822,60.588,71.781,1539.9
19.191,33.056,45.034,49.241,83.635,1643.8
0.68129,13.719,50.359,61.422,76.097,1457.8
14.206,21.062,37.73,64.071,59.071,1355.7
25.971,-3.818,41.643,55.477,91.501,1758
10.52,39.867,51.201,45.712,61.24,1357.9
6.8658,18.68,57.591,56.403,71.062,1458.8
27.777,39.25,33.555,65.461,58.851,1648.1
10.098,15.067,52.865,60.002,73.077,1485.3
11.555,10.943,61.423,53.879,83.967,1599.2
-0.65357,24.278,38.018,42.749,63.155,1182.1
4.6425,36.037,52.602,58.036,77.504,1541.1
6.6749,38.125,49.857,50.429,84.043,1554.5
-0.080637,26.461,57.147,60.141,63.038,1408.6
11.097,28.91,49.363,44.973,67.221,1369.3
2.441,37.3,52.106,54.519,76.079,1500.1
8.2577,37.733,54.113,58.386,81.645,1616.4
27.735,13.785,52.332,48.096,66.391,1640.2
19.816,25.296,64.236,58.391,77.353,1742.9
4.9204,27.329,65.555,36.318,79.153,1471.5
13.239,2.8213,41.722,51.65,69.52,1329.8
0.28167,19.491,55.929,36.375,69.422,1290.6
8.5684,14.046,46.538,61.148,68.345,1395.8
21.742,18.069,36.656,59.03,58.296,1422.4
-7.4108,16.68,52.578,67.357,77.486,1554.1
-10.834,20.2,43.015,42.908,78.466,1393.1
8.5801,8.4583,73.897,57.048,55.776,1398.3
1.3574,36.121,38.238,53.658,65.639,1311.5
18.899,24.628,55.755,44.405,68.797,1509.1
12.777,32.321,49.505,56.426,58.338,1388.1
0.15898,22.096,42.913,61.004,55.421,1246.6
-5.8856,31.17,53.187,54.79,76.984,1510.4
-12.406,14.896,61.815,57.13,75.983,1569.5
9.3414,11.848,49.721,53.247,64.401,1328.3
4.9437,19.908,35.438,53.703,80.332,1390.6
5.1022,33.129,59.269,65.594,76.93,1615.2
0.5771,-0.19059,47.354,56.506,57.216,1192.6
10.886,38.568,53.148,48.443,58.092,1356.8
-4.2651,27.472,43.385,39.198,76.139,1328.9
13.835,9.6786,37.063,56.514,67.166,1339.4
3.8441,27.735,48.319,38.832,71.883,1315.8
4.8294,13.71,61.716,57.759,68.967,1446.3
12.303,27.723,51.94,56.613,59.995,1399.4
7.3936,29.342,53.709,55.154,69.324,1448.5
6.0831,26.288,50.25,50.597,83.46,1512.6
15.115,0.91983,52.386,42.982,69.066,1352.2
25.392,39.62,37.33,41.719,48.606,1372.5
-1.2343,16.17,34.503,56.225,64.057,1229.2
19.765,32.425,58.591,44.224,73.395,1606
17.229,14.66,57.176,55.039,70.859,1545
5.9888,24.924,45.876,68.013,72.125,1486.3
17.345,23.949,34.879,46.437,62.8,1316.4
3.5293,15.997,39.434,62.952,92.295,1564.6
5.9027,21.854,48.422,85.041,75.818,1631.5
7.2027,21.655,29.331,50.828,79.936,1350.8
5.5842,-1.0299,60.448,68.839,67.258,1450.2
0.48603,13.325,46.059,53.56,84.515,1459.7
13.826,33.41,36.931,55.64,70.076,1433.1
17.281,12.172,70.101,54.143,58.229,1492.3
8.395,22.04,31.66,61.494,75.017,1395.1
24.733,16.911,40.489,60.06,67.597,1595.5
18.506,13.087,62.41,41.723,71.347,1512.8
2.0183,23.233,40.199,62.062,88.644,1548.5
15.317,30.409,50.968,51.329,55.408,1363.9
7.1159,17.765,39.794,44.564,82.791,1387
10.116,28.265,41.425,66.48,53.835,1322
1.056,22.371,41.772,39.627,58.877,1139.8
22.44,21.754,41.242,59.096,49.548,1394.4
16.824,33.959,35.223,45.383,68.627,1388.5
-13.937,29.427,50.022,61.574,66.322,1501.7
11.968,16.795,59.016,67.352,56.509,1438.5
21.601,24.762,42.654,71.22,78.083,1733.9
1.1095,50.915,48.688,64.283,83.355,1647.8
-25.823,27.773,40.01,64.176,66.382,1665.3
7.5383,21.159,56.17,60.738,71.857,1496.8
6.5156,32.72,42.233,66.478,75.605,1514.3
26.156,21.292,66.036,51.446,53.782,1610.8
19.225,26.961,39.828,67.058,69.69,1577.5
24.591,31.615,37.958,55.146,61.127,1532.7
15.385,6.1997,48.661,41.587,62.098,1277.4
11.029,16.533,50.893,63.904,61.278,1402.7
8.826,16.265,47.474,44.739,75.795,1376.4
33.081,32.663,54.632,60.024,48.568,1767.3
2.1585,16.432,48.806,66.592,87.069,1592.2
4.5851,14.98,45.137,52.188,68.273,1310.5
6.9513,24.387,56.458,56.499,63.458,1400.9
6.4388,16.402,52.47,62.062,63.34,1383.3
-5.8134,31.686,29.755,45.856,69.234,1246.6
14.135,30.752,34.191,58.298,58.459,1322.2
28.571,5.1454,48.196,65.374,74.544,1793
-1.6327,11.417,51.897,42.621,71.747,1303.5
12.042,15.451,50.39,78.123,74.576,1617.9
14.97,31.233,49.716,53.542,81.852,1611.7
19.241,29.655,62.407,55.115,77.741,1718.7
22.362,33.697,55.076,51.89,71.452,1668
14.176,23.015,50.766,53.619,90.962,1666.6
-2.1952,16.912,55.814,72.178,81.949,1622.6
10.826,21.349,54.032,43.741,82.283,1501.8
20.219,-3.6176,60.79,58.71,68.116,1557.5
12.621,36.251,36.927,37.916,66.673,1285.8
4.452,22.293,44.7,57.255,63.38,1316.5
14.12,21.547,57.035,49.996,84.84,1619.3
25.988,12.784,49.411,51.344,75.876,1685.6
-9.5081,18.908,20.098,60.164,81.376,1376.6
17.44,15.368,46.118,60.896,72.281,1535
3.3335,16.194,52.913,62.351,60.472,1347.1
6.8377,7.2489,52.158,50.647,66.295,1311.6
8.7696,19.117,60.442,60.431,84.083,1635.3
-0.45344,30.766,50.128,32.182,62.605,1202.4
1.8616,23.806,55.635,52.347,62.582,1340.3
14.751,17.637,66.958,61.026,73.327,1636.5
-8.1961,8.2225,40.495,68.415,66.626,1368.9
25.216,7.9864,55.563,51.532,66.894,1607.8
16.291,29.155,44.166,55.772,56.05,1367.4
1.4196,7.642,46.57,33.332,71.041,1195.7
8.333,13.684,55.096,60.101,70.297,1454.7
7.8238,9.7557,44.474,73.425,59.454,1359.6
17.005,22.919,50.354,59.675,77.616,1618.1
11.333,9.0311,46.981,45.25,67.556,1301.1
12.601,36.228,45.716,59.229,79.01,1583.7
3.5048,12.455,40.563,48.667,80.774,1365.1
-6.0968,21.103,44.34,49.086,50.292,1147
-0.6783,30.86,41.32,53.461,65.308,1308.5
-2.3746,17.688,44.641,65.107,58.547,1300
19.575,33.873,54.895,55.141,55.414,1487.8
10.394,19.873,61.391,53.619,88.805,1658.1
-9.8682,31.928,58.735,53.832,57.405,1387.1
13.311,8.1549,53.156,59.487,74.683,1510.9
0.2038,2.1027,55.169,54.785,72.495,1375.5
5.6541,3.6002,47.481,67.653,51.038,1231.7
7.5081,26.92,46.327,66.802,62.514,1408.2
4.0508,49.247,57.823,44.929,63.946,1403.8
10.667,31.607,33.791,53.13,57.372,1241.9
19.604,11.294,52.711,55.166,67.658,1518.7
22.558,36.908,34.75,52.465,59.518,1455.8
14.735,22.673,38.773,49.795,54.466,1242.2
14.313,35.164,47.043,51.497,77.882,1550.2
-2.9877,15.781,48.781,51.563,70.777,1348.2
6.0245,18.557,59.854,58.612,80.052,1563.5
19.35,27.158,58.033,36.178,65.406,1455.5
12.047,5.9127,50.576,62.632,58.343,1343.5
25.541,30.455,37.982,49.975,67.852,1580.2
5.675,24.446,44.65,59.585,68.227,1387.5
-0.22022,23.921,44.082,54.949,53.323,1202
4.7333,21.124,53.58,35.778,77.357,1361.1
7.4574,36.79,61.876,64.954,87.307,1746.7
17.369,11.836,38.723,58.332,62.696,1375.2
19.841,8.982,49.683,53.463,34.596,1182.8
15.905,32.282,40.864,69.044,55.922,1433.6
11.695,32.206,46.19,61.002,70.299,1495.1
5.6422,21.528,33.594,47.922,70.549,1262
17.185,17.958,49.087,58.826,59.015,1421.5
9.0061,20.316,21.88,48.076,81.483,1312.9
24.42,16.586,34.87,43.85,67.762,1455.1
0.17289,20.425,45.449,54.794,79.475,1439.2
19.603,17.449,48.522,53.678,69.62,1521.8
21.387,31.956,44.166,63.29,62.327,1566.4
10.024,-4.3743,53.169,52.947,58.15,1245
9.7211,9.4756,57.844,45.37,61.491,1296.1
16.792,1.2264,52.034,43.444,93.724,1605
-6.5115,11.883,50.445,57.187,72.632,1413
4.7518,18.575,68.406,74.98,74.923,1662.6
-6.8356,30.813,28.13,59.843,59.994,1242.2
-5.5657,27.017,54.289,48.747,64.01,1345.2
2.4885,44.347,47.314,52.375,71.915,1442
22.212,4.6932,53.795,43.089,80.021,1592
17.735,8.2692,54.671,44.262,68.255,1427.3
8.5995,7.4001,62.13,27.211,87.534,1432.4
13.636,25.562,48.088,52.002,76.729,1510.8
-2.0655,23.938,57.999,55.58,61.822,1368.1
4.231,35.875,48.719,33.223,69.236,1285.3
9.5579,10.105,42.193,62.174,74.349,1427.7
6.7402,17.515,42.051,30.847,65.546,1152.9
1.5745,17.847,51.466,37.418,81.675,1379.7
11.47,23.89,76.757,52.68,44.489,1357.5
2.6549,37.714,50.947,72.252,72.816,1575.5
-4.2353,18.23,58.019,62.931,91.103,1672.2
16.933,18.663,49.261,60.012,63.185,1466.6
-1.715,10.745,44.602,68.599,80.763,1503.5
0.21262,1.0138,65.698,59.661,84.141,1571.8
-4.9511,10.784,52.478,54.752,77.054,1439.2
13.464,5.1078,51.236,32.439,70.805,1287.6
9.5067,23.738,65.584,42.681,83.812,1572.7
5.3106,20.879,58.867,46.339,86.198,1541.3
13.061,26.841,49.019,66.451,59.872,1448.2
6.7316,22.886,47.331,58.962,82.862,1535.3
4.4856,23.268,41.629,55.645,69.645,1349.2
21.533,38.595,44.908,47.573,84.941,1704.3
16.033,28.499,65.772,66.68,66.145,1649.7
-5.7984,22.737,60.11,50.592,78.684,1514.1
13.28,20.482,46.977,53.304,59.018,1329.3
12.212,13.512,52.113,28.422,57.24,1154.4
3.9827,22.053,31.294,66.494,68.219,1337.2
22.122,8.6516,47.031,66.09,72.513,1636.8
11.52,10.44,44.47,61.647,67.28,1392.2
12.621,23.431,66.629,43.112,69.795,1482.2
12.113,22.991,48.052,72.164,84.241,1680.1
-14.295,18.252,38.376,61.233,62.524,1366
7.6588,28.024,31.186,48.774,61.241,1199.4
14.323,31.824,47.222,47.009,76.439,1499.8
12.024,6.807,24.743,66.78,61.593,1249.8
11.557,22.134,46.932,28.508,60.298,1172.3
14.221,29.447,52.262,57.285,70.698,1532.1
16.841,20.07,64.351,57.883,64.196,1554.4
8.7158,11.706,51.701,61.687,68.205,1422.1
26.551,19.1,54.497,58.875,64.244,1688.1
4.1885,11.773,57.48,42.525,61.073,1245.1
12.674,32.014,50.83,52.097,72.558,1497.8
